image_path,landmarks,emotion,valence,arousal
sample_0000.jpg,"102.61,64.66,22.94,204.55,48.04,35.72,43.60,203.42,145.24,68.04,151.44,196.16,107.51,81.50,52.36,42.99,210.77,197.14,101.39,182.65,15.93,117.48,85.13,27.04,162.54,47.21,194.64,2.95,29.35,174.57,208.43,173.26,130.64,115.84,40.70,56.38,0.59,214.98,195.69,94.61,190.89,180.42,71.89,168.63,217.60,148.55,111.20,223.92,114.89,39.82,49.23,95.03,46.12,141.47,190.21,5.24,160.67,6.34,134.68,65.64,106.72,186.78,57.50,61.59,5.25,205.36,89.68,57.54,131.29,200.45,123.23,205.07,142.75,142.28,153.12,216.95,170.18,112.83,168.54,34.84,208.44,73.29,112.92,99.40,117.39,62.33,93.13,203.89,175.70,44.09,144.33,85.42,91.29,123.45,88.62,5.22,138.13,83.66,199.12,204.47,51.65,32.12,145.94,74.00,166.72,123.23,207.09,155.75,143.93,209.77,44.24,154.86,146.65,13.09,139.02,196.85,103.79,209.94,37.73,151.49,120.26,128.57,124.41,61.68,26.31,95.97,155.94,63.03,14.95,113.34,53.35,208.15,137.58,205.85,90.68,136.83",happiness,0.2963001223726447,-0.7220791591741766
sample_0001.jpg,"153.95,183.62,186.01,188.65,122.12,117.38,151.95,164.72,203.39,78.49,86.73,109.52,147.62,98.48,67.30,205.96,160.79,100.69,6.28,125.88,154.65,47.43,186.63,136.16,202.30,25.24,152.77,154.11,6.69,155.81,140.12,214.32,126.36,156.93,5.00,121.36,158.93,117.63,185.58,155.40,204.42,205.90,71.86,69.96,219.53,125.89,84.11,27.03,78.41,77.17,184.14,199.56,81.40,219.06,220.85,172.61,44.53,205.52,158.82,138.98,71.85,198.10,49.89,133.06,69.41,180.20,68.66,23.20,174.77,136.02,202.95,176.87,74.05,134.66,222.01,78.71,85.83,204.38,53.66,16.29,20.96,74.86,204.61,124.03,147.04,196.53,18.86,69.74,122.53,111.68,95.71,95.99,36.18,200.43,164.25,6.33,17.29,127.95,151.47,104.81,196.35,198.11,19.95,151.53,22.15,157.07,18.91,47.38,65.08,9.94,207.45,116.99,168.69,109.03,159.44,103.81,48.60,97.79,29.26,54.54,216.25,160.58,170.36,86.06,6.66,65.87,87.80,143.93,28.06,66.13,198.33,182.79,147.78,223.09,203.52,110.53",disgust,0.9368775407597938,-0.8034563336217773
sample_0002.jpg,"215.80,61.86,70.16,39.65,120.45,27.85,33.68,30.05,33.19,77.50,82.81,15.71,122.29,121.15,218.68,147.22,43.65,87.01,99.70,198.47,175.98,111.34,121.05,208.48,33.20,96.19,46.45,74.11,174.38,65.57,80.65,110.97,116.05,176.82,39.66,140.43,39.14,45.97,108.74,143.34,35.91,91.24,201.60,16.29,220.60,107.36,45.22,90.04,61.43,159.61,160.99,26.17,216.31,167.16,196.04,154.03,18.65,70.06,41.31,48.15,194.90,131.86,73.35,112.31,130.34,120.67,119.26,137.61,165.45,38.50,81.44,117.50,125.88,71.35,31.68,147.22,176.07,10.97,209.25,187.40,157.88,223.69,111.81,30.35,91.11,89.64,133.21,59.59,37.58,170.53,54.52,85.08,97.46,54.46,71.73,36.93,148.10,19.77,118.28,52.50,56.97,125.30,141.22,223.87,22.88,143.28,100.88,81.61,143.62,121.15,210.45,172.53,81.66,32.61,188.59,172.27,67.79,77.36,87.33,85.24,74.12,204.27,144.93,104.18,22.49,38.53,14.07,88.73,43.95,177.34,105.07,89.33,92.04,38.77,115.17,85.13",sadness,0.22034680422575237,-0.2035098599268983
sample_0003.jpg,"24.83,115.09,95.17,31.98,205.63,218.71,144.41,176.95,183.74,86.31,171.30,185.12,83.65,173.88,70.07,140.90,35.65,18.69,139.20,174.42,108.28,147.40,165.47,202.24,222.81,139.21,115.36,106.67,202.26,156.61,127.39,219.88,54.06,9.45,66.95,220.40,40.73,50.67,144.93,134.95,173.67,95.20,125.67,133.95,15.55,196.88,214.90,63.90,75.85,31.61,172.97,72.98,151.00,124.56,133.14,105.42,112.49,190.94,187.39,24.12,151.78,120.49,69.61,147.20,85.37,195.60,85.61,10.28,57.59,50.34,165.40,78.78,7.79,131.73,130.60,16.69,203.21,90.37,45.22,177.86,75.29,128.84,119.57,153.52,55.13,33.47,93.83,81.20,41.56,119.43,28.05,49.54,51.71,11.19,30.92,66.83,5.33,78.64,10.09,153.11,112.44,79.09,74.48,114.74,129.28,114.31,23.70,1.27,166.93,78.23,53.44,201.23,83.18,170.42,153.10,162.98,160.04,183.27,80.78,42.17,106.28,43.73,13.38,151.01,158.55,108.86,19.63,142.11,64.11,129.10,165.93,113.04,57.30,90.88,36.02,134.69",anger,-0.519450661390233,-0.9429424820010466
sample_0004.jpg,"148.15,207.78,196.66,149.61,0.53,195.70,193.34,29.13,138.87,179.24,91.11,92.45,161.47,105.03,65.41,3.54,14.79,98.09,134.04,206.42,74.52,32.15,194.27,222.04,93.30,116.46,160.58,127.69,129.47,124.35,4.77,189.37,39.59,182.44,44.93,110.72,223.02,190.81,6.05,40.12,86.25,192.62,134.47,204.28,183.27,5.05,171.91,165.60,2.44,170.46,127.32,216.23,155.04,200.52,86.93,55.17,168.62,83.58,98.27,122.67,178.88,57.57,62.94,223.76,74.48,142.48,3.75,163.89,19.42,186.46,95.18,166.93,98.78,162.95,176.29,100.77,61.56,66.26,198.31,175.21,39.55,68.15,105.76,76.54,62.05,217.56,166.31,189.54,221.36,44.21,193.67,87.10,24.74,126.65,51.41,215.12,35.52,135.63,113.53,206.10,148.20,143.67,43.28,118.82,179.01,104.37,149.21,57.32,135.03,115.69,117.43,175.79,213.27,120.48,143.11,166.95,179.05,150.18,80.51,143.55,34.25,48.50,139.21,57.98,62.18,97.06,155.55,194.16,66.22,97.52,220.63,134.80,220.21,209.44,128.06,93.95",neutral,-0.016659410758171234,-0.5322279137239081
sample_0005.jpg,"51.12,35.06,179.42,80.67,40.59,37.53,152.51,44.57,32.88,219.65,88.22,172.41,174.22,106.93,59.40,133.03,200.92,132.10,92.30,8.10,183.12,118.82,146.29,23.25,47.70,155.53,81.64,41.23,213.32,164.28,42.12,114.04,60.47,132.64,195.53,15.60,47.07,37.96,44.51,177.27,220.76,3.59,212.66,66.18,100.50,151.60,124.79,198.17,135.19,41.16,59.35,165.64,109.69,148.25,188.31,148.90,221.07,55.37,2.11,55.57,223.35,37.55,56.73,193.51,64.04,163.95,42.16,24.76,143.70,2.95,177.98,132.22,76.14,80.32,132.67,112.41,18.56,48.28,38.15,163.45,168.90,67.75,171.90,200.26,51.08,95.33,29.42,25.81,177.61,170.68,220.07,58.58,121.00,185.91,111.30,10.48,71.62,95.11,50.07,156.48,19.21,58.25,206.10,18.45,132.96,145.51,178.13,218.18,143.55,67.87,191.70,14.95,21.63,18.43,145.01,158.34,80.08,74.11,164.84,197.13,21.71,52.52,213.67,2.53,198.36,63.00,197.96,9.15,144.50,79.71,34.82,131.13,18.34,209.48,23.98,153.23",sadness,-0.3778664819248052,0.44019296748672154
sample_0006.jpg,"74.62,126.88,113.66,40.11,217.64,64.68,80.56,153.78,177.90,173.45,197.20,33.68,76.77,96.45,47.79,171.24,130.22,53.87,98.66,153.42,87.11,171.25,174.02,34.97,53.00,126.13,123.87,93.16,54.69,35.91,169.48,51.47,32.47,115.31,170.14,169.26,214.55,18.28,154.24,77.23,140.03,133.46,57.68,149.80,147.93,54.04,183.62,61.61,27.16,2.47,32.71,156.73,185.90,176.82,83.58,158.77,131.99,214.05,59.47,93.15,79.77,14.88,52.79,132.36,85.07,186.86,37.42,197.82,107.43,37.45,95.68,204.62,80.08,41.34,67.07,163.99,89.57,190.68,34.27,179.21,132.04,218.50,117.97,171.39,160.88,24.14,215.44,104.65,80.17,20.53,222.56,4.69,179.33,35.49,172.97,73.61,5.26,169.42,131.72,139.74,68.85,46.69,138.33,207.63,182.95,151.69,210.24,199.50,96.78,201.07,74.94,203.05,130.43,162.47,212.18,24.78,121.59,147.64,154.68,210.15,170.51,219.08,92.14,122.44,115.99,177.67,156.02,162.11,215.28,179.61,18.72,82.41,62.65,200.27,49.33,212.94",sadness,-0.31079977490293165,-0.8697339602388687
sample_0007.jpg,"205.78,120.34,82.02,99.64,189.17,204.44,140.99,155.57,23.17,120.36,46.82,162.36,32.83,12.61,184.44,136.57,83.83,35.89,100.64,222.22,185.70,150.41,143.66,92.01,2.28,39.28,35.48,217.52,52.31,3.39,98.27,56.65,139.18,205.55,162.76,220.14,55.27,138.09,41.05,43.50,214.39,14.69,73.14,138.72,0.92,5.80,96.52,194.87,191.93,216.57,18.56,87.99,13.85,174.34,220.55,12.57,206.42,50.23,139.10,44.82,219.02,185.10,75.91,149.68,83.85,216.90,161.55,3.94,203.02,152.85,53.37,10.43,117.76,84.21,94.96,113.69,127.39,64.09,131.83,94.86,151.93,193.28,12.25,136.32,83.99,105.35,182.22,104.60,101.43,105.17,114.58,189.81,113.29,175.93,163.74,52.31,114.89,194.37,221.43,115.67,151.83,35.00,112.32,29.66,190.28,91.80,214.25,199.95,124.18,32.26,104.96,212.56,184.64,221.00,92.54,177.72,163.30,201.10,164.95,10.87,184.55,80.52,115.12,170.61,15.92,146.55,19.24,163.97,8.17,211.08,138.47,211.26,191.59,208.83,18.85,183.53",disgust,0.11696228731214897,-0.6832438693992444
sample_0008.jpg,"46.37,71.69,158.89,221.73,45.65,116.64,106.12,46.03,81.36,84.14,38.54,101.78,72.08,200.44,75.46,155.70,210.54,99.18,201.38,18.34,88.29,77.14,153.59,150.51,23.81,102.89,64.99,3.14,124.28,84.27,83.83,65.29,41.92,118.95,82.62,76.10,172.31,12.73,160.42,6.21,77.80,84.21,203.85,76.80,85.55,186.37,215.29,38.54,164.14,140.40,47.62,189.18,180.70,197.86,216.70,57.33,27.37,218.01,140.35,213.85,104.14,8.80,91.23,13.16,201.40,114.52,164.22,105.16,125.26,118.11,60.14,75.36,44.89,163.41,2.07,104.51,7.13,111.23,82.79,31.89,54.82,110.92,180.04,111.52,81.27,18.35,204.29,59.52,156.16,28.67,134.30,168.12,51.89,46.39,194.50,38.39,55.62,20.69,66.82,30.95,28.40,106.36,50.17,178.94,147.09,220.89,103.65,159.28,186.04,135.43,135.62,159.53,16.82,20.79,210.66,95.19,141.39,146.74,173.12,142.57,145.06,130.29,83.91,88.74,95.66,37.53,125.97,61.00,160.64,68.05,58.44,56.44,153.24,1.31,14.02,14.25",neutral,-0.7885766492331738,-0.4858090172224623
sample_0009.jpg,"82.20,103.46,45.60,8.60,113.14,0.32,52.75,123.38,151.87,197.49,209.82,92.03,43.64,18.02,85.51,172.59,3.85,208.65,47.37,140.48,139.49,221.55,77.90,160.05,46.26,174.80,30.04,38.24,0.21,75.28,33.51,84.50,196.13,58.30,23.00,60.68,130.13,193.69,130.57,205.16,94.02,195.24,155.34,71.30,26.73,86.76,138.72,6.14,187.00,194.68,171.98,201.50,205.36,119.24,189.10,36.93,143.94,118.44,87.43,63.66,9.66,187.51,190.58,139.38,98.30,73.19,57.59,80.14,98.48,210.75,74.40,179.93,44.72,89.63,1.96,183.88,79.51,66.73,49.40,1.45,216.73,21.57,123.14,24.06,51.28,169.70,111.78,27.97,85.66,82.01,210.48,195.02,153.72,80.09,43.62,159.88,120.55,88.76,119.30,36.46,146.20,180.06,211.92,30.80,96.35,26.10,127.28,211.54,4.40,176.47,144.16,219.78,149.08,53.89,192.79,6.98,87.52,101.37,117.48,164.26,84.67,24.67,118.49,22.35,221.89,44.73,133.23,52.38,187.53,144.78,217.82,111.15,9.66,9.04,173.66,151.14",happiness,-0.4711554376815206,0.35329919068135607
sample_0010.jpg,"103.53,209.03,131.38,102.10,74.55,18.40,146.09,208.46,125.08,105.48,61.79,45.02,93.36,121.88,180.80,127.06,9.97,112.52,18.70,30.81,58.37,19.87,38.49,197.07,211.79,32.67,125.13,47.53,2.49,20.20,20.72,114.09,109.77,97.74,81.28,88.71,96.57,164.08,60.99,7.88,24.85,85.95,213.57,50.17,113.30,192.95,64.57,62.26,123.69,170.09,44.46,183.75,112.74,69.75,156.90,87.46,61.06,112.48,23.27,211.68,135.28,109.98,85.70,195.41,19.23,106.93,13.28,174.32,70.77,201.30,47.54,131.34,214.31,183.43,153.81,121.36,218.71,80.46,198.18,17.84,97.84,173.37,77.68,13.16,155.13,7.88,213.85,121.01,198.19,147.66,74.94,47.62,108.32,21.63,163.09,76.19,2.10,131.10,42.99,146.58,174.50,71.78,50.90,218.53,28.90,71.86,113.83,26.22,119.06,109.60,135.41,18.21,217.81,161.26,60.26,171.86,166.48,59.42,110.13,185.40,10.36,9.73,23.93,6.23,195.93,62.17,38.82,60.82,213.93,116.65,136.22,41.71,162.65,209.34,7.22,172.99",surprise,0.5616168745889021,-0.7337260133729822
sample_0011.jpg,"111.87,105.16,127.91,128.04,144.77,67.26,5.95,37.21,171.33,173.71,223.75,108.24,198.77,198.54,118.97,172.43,167.21,44.43,86.40,108.99,203.56,19.45,152.00,18.17,170.67,197.14,54.55,15.60,113.63,208.69,44.90,194.78,61.54,70.28,126.00,3.70,138.46,15.58,72.42,101.68,62.66,220.47,131.56,17.65,86.67,211.48,143.45,186.29,135.98,213.51,47.22,76.71,48.92,98.75,160.32,57.49,211.48,16.12,143.58,222.35,44.30,158.22,26.25,204.99,106.89,134.63,120.36,154.51,123.08,192.79,162.18,213.01,202.95,82.82,31.60,222.36,101.06,56.32,95.32,77.60,189.72,158.44,119.85,34.46,74.07,220.53,141.61,97.23,20.93,161.63,210.13,167.69,129.16,207.08,109.63,98.07,17.24,67.29,106.64,89.99,121.24,22.94,136.95,131.19,153.77,24.86,71.74,89.66,36.22,162.25,3.72,51.57,16.29,193.02,183.69,115.37,189.23,37.33,12.01,53.23,39.69,182.23,18.33,151.29,124.22,121.35,192.36,163.34,120.37,113.52,62.63,104.83,17.35,101.73,41.88,107.86",disgust,0.7029115277912832,-0.7718920247692367
sample_0012.jpg,"70.48,170.09,43.65,71.62,80.74,154.61,83.29,33.86,73.63,81.25,196.38,53.12,128.29,113.23,99.45,160.30,17.30,152.40,28.92,54.65,4.62,46.11,36.79,2.76,142.02,169.98,150.40,222.51,205.17,78.49,89.06,191.05,115.36,23.63,90.19,148.72,192.94,3.47,9.24,55.64,199.20,179.02,32.84,208.76,148.86,115.05,95.98,220.96,159.72,218.84,136.38,25.46,100.40,68.55,223.68,39.08,142.09,218.25,126.19,171.56,14.27,22.37,30.03,46.39,221.25,186.70,21.49,157.11,62.20,78.27,148.90,92.22,156.60,182.21,88.18,201.41,1.54,96.59,116.79,5.04,22.64,30.14,100.25,89.43,138.46,178.27,166.25,202.90,73.04,47.54,171.67,27.30,153.59,54.03,116.14,22.16,143.63,221.39,83.73,223.33,212.07,55.74,127.76,49.79,103.24,94.40,29.98,110.48,165.76,96.35,123.10,4.04,48.33,69.45,21.54,196.05,44.09,7.61,138.62,46.17,52.86,153.28,171.11,196.78,17.67,172.83,34.11,66.62,138.66,111.78,6.62,171.28,40.19,52.59,16.71,161.09",anger,-0.08304886599488359,0.17902647458632504
sample_0013.jpg,"101.08,208.44,180.86,113.86,179.10,127.77,88.50,183.14,62.21,214.48,153.91,7.19,35.19,67.34,0.37,8.55,95.49,206.43,30.51,50.49,97.05,154.74,171.36,138.02,212.36,87.72,170.54,67.36,127.97,168.34,169.37,9.73,4.54,109.38,128.56,157.36,128.28,188.51,133.53,112.65,120.77,185.84,100.20,7.85,26.40,43.49,45.54,131.54,23.82,31.80,121.45,51.41,108.18,184.47,82.01,48.37,221.96,88.56,199.14,181.69,35.13,73.32,196.23,101.85,207.10,139.36,98.47,68.63,19.29,180.11,95.47,73.66,148.83,190.30,138.46,155.71,42.49,86.08,95.19,68.51,172.30,11.71,186.10,146.37,101.74,104.90,180.29,33.99,39.66,179.02,206.43,168.02,135.12,21.29,11.13,217.02,65.57,0.34,73.30,132.35,23.59,43.61,200.94,54.28,45.80,115.56,56.57,58.33,154.89,93.48,165.26,13.74,203.55,179.87,79.72,11.93,178.13,75.56,133.88,71.69,221.95,148.91,101.33,48.88,144.51,96.43,118.92,197.91,22.12,105.13,34.88,220.28,140.44,210.84,13.64,175.66",happiness,0.048810736235072705,-0.7877151992098084
sample_0014.jpg,"42.90,170.57,3.41,127.28,113.68,42.78,120.46,62.24,11.98,95.33,85.36,58.69,46.89,155.89,0.16,151.70,118.54,191.61,127.20,84.10,144.76,205.43,59.75,90.57,90.68,48.04,200.35,0.70,196.27,93.63,162.00,17.37,31.25,71.34,38.16,22.23,130.93,80.64,198.40,210.39,95.47,222.12,17.62,80.05,45.83,161.33,149.98,61.72,43.02,180.27,63.41,175.71,1.66,219.34,170.32,107.31,89.14,68.55,125.35,123.14,208.41,177.61,10.86,88.11,128.15,71.75,25.03,195.53,37.23,125.49,129.05,197.47,140.29,82.29,179.86,125.87,60.46,151.45,205.83,4.16,2.62,100.61,74.07,17.97,100.37,40.94,127.11,103.30,222.16,177.98,70.08,142.06,177.97,195.30,13.17,141.13,23.57,171.68,60.43,175.94,68.51,162.99,66.47,61.05,177.85,191.24,143.16,117.42,102.91,107.09,177.12,165.21,169.78,3.67,160.89,127.35,164.60,29.90,96.85,179.34,194.03,208.56,144.06,46.41,52.51,140.41,192.59,147.86,82.34,57.85,86.57,4.50,28.64,219.94,25.27,94.41",happiness,0.23119413309892423,0.29478476411466703
sample_0015.jpg,"197.88,125.15,200.66,223.98,51.85,49.48,201.08,179.64,85.18,39.78,73.85,198.62,185.95,158.84,22.03,49.84,11.47,113.28,74.25,17.86,87.83,0.09,26.30,142.49,110.59,214.94,130.22,136.31,25.20,86.61,50.25,201.94,70.75,130.25,183.16,117.40,30.88,219.84,109.33,143.12,210.24,11.65,137.23,37.90,86.03,53.26,178.75,144.03,101.42,2.63,208.53,22.28,2.07,35.23,132.50,17.95,196.89,213.93,64.44,214.65,128.98,117.12,177.25,59.38,35.33,29.34,158.82,154.43,4.17,4.02,26.03,11.90,14.40,11.50,87.23,146.88,62.15,73.39,103.57,196.91,79.31,1.60,143.90,158.30,26.51,168.40,210.22,14.45,119.60,19.52,48.09,35.19,104.55,159.22,146.87,179.10,90.95,178.16,184.76,106.57,140.99,3.31,128.73,46.71,84.56,201.99,135.95,23.34,120.43,2.62,58.01,11.36,155.36,6.21,165.90,70.55,44.93,208.74,73.50,0.76,173.40,17.07,68.01,191.62,125.55,63.51,46.07,61.02,116.30,56.83,118.35,160.69,180.45,36.56,141.50,156.72",happiness,-0.8576673487030928,-0.8300840691093114
sample_0016.jpg,"77.56,178.14,143.48,175.98,171.00,70.50,133.02,101.41,95.20,21.36,128.18,187.41,68.88,3.09,60.28,99.77,134.38,70.01,195.57,71.05,0.56,113.79,23.80,87.19,219.66,208.58,193.70,41.47,211.45,1.44,91.88,124.04,212.96,62.96,70.23,56.18,164.78,191.58,95.82,193.04,209.82,62.30,16.51,182.08,212.99,50.50,29.66,83.21,40.39,171.26,83.69,7.33,72.24,163.57,101.39,82.90,124.25,3.99,10.77,39.56,152.44,181.62,204.15,96.91,135.61,41.07,23.93,45.16,123.59,13.08,65.94,189.01,218.54,161.34,143.42,204.99,26.08,187.25,20.53,139.04,117.05,50.52,158.85,146.66,81.01,22.09,69.43,56.59,160.78,84.70,201.86,187.99,4.40,146.90,108.43,45.22,174.63,9.37,147.73,85.67,78.92,103.37,25.72,107.19,151.37,102.56,90.35,37.83,13.77,46.37,57.33,190.24,109.74,173.23,88.24,190.11,206.44,52.32,5.76,6.73,194.35,18.62,65.91,57.15,166.12,135.73,65.54,135.86,82.91,82.88,99.72,68.62,33.69,81.38,145.14,222.11",disgust,-0.4574482814846845,0.2156305979491704
sample_0017.jpg,"13.94,152.92,85.94,210.40,165.50,78.79,191.01,147.15,21.49,61.26,195.46,191.97,210.75,71.39,74.98,48.40,21.90,78.60,80.26,155.98,192.14,6.85,223.42,110.27,67.77,87.84,73.15,203.67,57.43,73.73,194.13,135.44,218.66,21.90,132.39,193.15,158.27,161.88,25.03,136.01,26.83,58.21,23.80,221.54,219.61,40.44,26.59,121.33,202.32,116.85,188.19,52.34,162.32,196.37,197.80,194.59,17.14,22.45,146.92,180.18,63.07,34.32,160.96,191.87,176.13,15.79,204.69,199.76,161.25,81.67,13.73,87.57,177.00,172.29,167.13,72.45,148.71,67.31,173.61,2.41,59.45,45.20,60.36,55.06,17.70,141.98,44.12,46.18,150.78,195.25,206.67,167.99,141.94,202.31,76.79,218.61,67.12,0.63,143.66,158.73,93.46,162.62,205.92,77.38,67.02,136.12,213.61,108.94,145.54,90.44,120.64,153.88,140.16,33.93,77.78,15.40,192.35,107.66,198.48,128.70,142.17,91.67,20.44,102.47,27.75,124.95,161.92,169.01,192.56,204.29,10.84,84.36,39.82,30.65,13.67,77.19",sadness,0.9475559809221712,-0.16050940200171415
sample_0018.jpg,"28.97,6.52,172.57,148.90,45.87,215.05,78.87,164.99,213.05,125.71,66.26,147.21,192.49,142.20,105.45,164.07,20.47,45.72,44.47,135.56,16.47,89.38,67.61,144.47,219.78,101.60,40.33,130.01,151.75,65.84,88.82,176.00,2.38,169.11,161.63,112.11,164.65,100.66,146.18,57.46,185.06,212.05,22.81,220.94,67.35,14.47,115.06,14.36,4.78,124.81,111.02,143.00,195.14,9.58,223.97,97.86,56.57,166.22,196.86,145.22,144.61,206.48,121.63,59.94,127.42,81.47,61.39,212.82,39.08,92.16,88.55,11.64,58.98,89.07,13.37,182.74,142.48,142.89,81.01,134.88,146.18,121.89,189.55,197.68,1.93,17.30,1.92,166.15,29.68,35.62,44.27,179.92,195.66,132.89,5.87,173.51,223.85,180.55,113.63,85.92,102.77,171.62,223.95,209.23,167.69,218.74,172.80,142.31,65.02,212.29,9.54,49.75,114.52,208.52,12.63,30.68,150.85,223.43,80.79,201.40,61.89,200.30,142.93,115.95,12.80,189.89,173.94,42.79,58.19,66.46,192.79,75.05,173.42,106.89,53.75,76.05",happiness,0.26489225679512707,0.6408399300896828
sample_0019.jpg,"186.51,18.14,65.49,198.27,144.30,212.48,127.34,46.27,205.89,119.08,64.19,11.65,55.57,131.48,69.41,220.37,201.64,172.04,204.58,136.26,155.37,124.52,159.18,92.28,68.28,81.61,206.00,44.26,150.95,206.87,71.89,169.70,193.46,186.33,190.26,61.44,120.29,153.33,57.09,46.74,122.33,151.85,149.10,57.61,124.08,68.47,161.89,152.05,43.50,116.64,4.32,186.89,75.85,8.15,154.05,195.20,193.51,161.33,72.43,179.87,182.51,112.40,4.02,46.90,2.04,198.49,170.61,143.53,106.74,222.68,149.31,144.15,143.11,187.24,15.93,115.84,146.53,104.62,63.81,20.59,150.29,117.85,169.57,49.69,201.16,140.20,86.25,105.26,47.60,167.91,80.19,117.13,1.56,200.98,76.60,113.19,97.26,50.67,25.98,198.04,46.00,83.14,52.06,168.88,3.58,52.63,104.65,60.65,73.02,110.21,85.86,135.29,6.27,103.29,209.50,19.44,86.40,114.42,3.48,59.54,128.15,51.28,222.93,193.95,122.81,148.90,122.74,38.79,158.64,146.06,187.16,45.08,49.11,170.65,202.60,56.86",fear,-0.620542442022805,0.8505863349666387
sample_0020.jpg,"35.94,49.04,197.09,48.66,195.03,180.07,40.27,173.77,15.67,99.27,117.02,75.51,12.60,73.55,145.88,103.26,143.34,74.56,43.54,101.32,49.41,51.08,71.04,6.08,123.18,144.67,82.41,39.35,202.51,92.04,158.45,204.97,157.09,199.98,97.29,0.31,80.70,163.68,170.45,129.76,88.70,209.06,4.57,223.55,177.71,132.06,4.02,164.08,172.05,37.12,95.92,203.98,70.86,119.31,39.78,133.20,146.41,122.02,128.68,83.35,174.90,147.77,72.33,19.84,182.71,113.78,182.65,137.05,47.84,210.78,62.44,142.44,200.85,129.07,136.06,119.01,6.01,80.21,158.43,135.26,187.54,78.56,39.21,48.49,29.85,167.53,145.69,168.30,140.04,87.87,21.91,76.48,114.12,2.55,76.96,126.65,153.03,67.16,39.55,91.94,77.48,74.11,173.93,68.10,194.66,87.82,210.82,88.55,222.50,121.37,133.69,158.46,83.94,55.03,187.76,216.82,91.68,196.28,130.17,164.88,84.45,128.48,19.67,172.41,9.73,80.11,192.46,60.66,44.60,152.94,25.83,175.45,126.92,184.68,47.54,76.42",anger,0.016204628170691793,0.7119208073974597
sample_0021.jpg,"116.78,97.80,206.67,118.23,78.01,44.54,27.31,195.83,59.62,53.26,160.67,106.06,173.65,89.06,171.13,141.28,34.41,120.79,21.31,73.22,149.32,111.35,220.68,1.43,138.13,63.96,58.79,205.86,218.82,212.37,145.11,20.43,185.15,12.24,190.02,138.09,2.01,61.13,97.12,112.33,152.02,65.94,132.27,43.13,171.94,204.42,153.79,121.08,148.69,132.23,217.94,219.33,61.94,136.48,195.00,199.14,219.89,0.64,152.41,191.77,1.73,44.26,44.90,115.34,213.47,177.13,28.08,128.32,28.63,68.69,13.70,221.04,138.25,115.23,30.74,128.12,95.45,108.68,11.72,196.68,180.48,11.06,63.17,131.43,95.43,214.10,29.35,100.72,29.27,210.24,60.91,117.62,18.23,75.88,147.01,105.58,1.28,128.52,98.27,196.63,93.62,126.57,189.22,180.27,20.15,192.17,135.12,204.09,167.00,81.59,29.28,186.26,45.76,147.47,85.92,84.55,203.79,13.99,8.33,98.86,0.67,5.03,8.23,178.59,152.93,186.51,112.30,3.95,65.27,111.55,69.11,95.47,62.28,173.69,197.05,94.52",fear,-0.3729917496395747,0.2909545671493634
sample_0022.jpg,"44.27,174.14,24.57,82.12,91.00,100.20,119.48,153.43,85.21,32.44,84.65,162.83,196.88,75.55,78.41,5.42,176.17,176.64,202.91,139.42,32.41,61.54,173.38,54.40,106.38,169.36,34.68,94.93,131.61,173.42,189.33,21.95,187.90,175.00,58.52,208.90,48.75,133.86,95.28,58.10,63.20,42.06,163.20,199.07,82.66,192.66,200.04,104.07,179.01,78.05,68.67,183.63,140.31,134.33,99.63,115.31,74.46,49.65,129.95,40.47,195.02,217.05,20.79,89.56,52.88,94.76,1.75,140.89,165.99,170.05,222.82,160.93,151.91,81.63,50.25,215.75,33.52,38.66,153.27,154.63,187.91,112.25,182.79,147.18,45.49,95.85,42.16,154.45,33.74,59.15,5.57,99.45,109.03,165.53,49.98,51.30,145.35,84.08,219.75,141.17,68.06,111.79,151.23,34.01,198.89,145.33,161.44,180.09,58.21,48.10,135.50,111.00,116.82,200.09,13.21,51.84,186.02,209.57,114.14,85.99,206.63,42.16,27.80,14.06,23.54,91.72,115.98,157.51,80.30,109.99,205.49,171.66,54.50,13.81,106.61,217.50",sadness,-0.8284786512546292,-0.33080711320844847
sample_0023.jpg,"16.64,66.49,61.12,146.12,57.26,120.43,7.68,96.64,201.26,165.55,94.49,10.13,66.70,83.21,121.34,4.71,181.04,146.24,186.57,149.08,60.63,29.92,184.21,42.96,75.79,168.23,209.44,96.07,102.27,197.29,214.31,95.80,211.55,30.70,121.80,73.63,209.91,218.88,217.39,20.98,15.28,7.92,58.06,128.40,128.44,136.10,67.99,213.83,1.77,198.26,118.26,105.85,47.92,8.67,52.38,110.96,142.05,134.13,185.89,90.19,18.31,11.41,87.62,167.23,69.59,222.15,161.43,8.03,149.87,208.54,218.12,210.82,26.81,135.88,78.26,18.13,72.38,116.88,2.71,47.00,37.60,211.75,11.82,72.84,216.72,139.54,218.26,104.57,79.01,94.22,95.41,65.14,156.90,59.52,77.08,203.52,137.82,207.43,95.89,164.22,166.75,79.04,214.91,65.65,166.72,146.12,217.04,211.35,50.50,170.28,185.15,138.28,67.97,134.32,23.53,165.93,204.06,131.39,10.60,209.74,199.03,39.21,60.54,169.38,168.65,75.35,134.52,147.48,214.25,30.96,197.64,47.01,46.54,181.58,169.00,26.91",happiness,0.9288816770200639,0.02997875630418889
sample_0024.jpg,"81.71,200.84,178.39,60.97,81.19,11.94,63.71,139.11,179.74,65.02,188.19,32.29,127.53,92.88,192.44,69.19,141.90,116.55,116.75,5.21,163.99,50.48,157.86,88.68,135.42,49.93,196.36,132.71,83.71,24.81,207.28,146.93,29.46,211.42,173.62,57.69,164.55,114.71,105.11,161.31,30.99,195.47,210.77,147.40,58.38,55.94,62.15,37.73,127.84,199.99,0.38,136.52,136.09,62.87,16.36,58.97,56.82,141.55,52.28,177.42,85.94,91.98,204.27,68.65,61.59,215.09,204.37,53.99,138.39,78.67,147.95,2.44,33.79,31.21,134.66,176.35,182.45,0.36,149.27,85.51,43.24,213.80,29.16,93.58,202.94,210.72,15.40,70.25,174.84,216.51,136.68,93.69,168.95,205.85,216.50,87.91,131.00,188.87,17.37,128.30,182.90,111.63,135.65,70.34,121.63,181.26,8.96,203.90,96.59,9.60,195.37,99.74,190.70,184.97,130.07,199.72,83.93,175.83,46.09,177.70,104.54,33.43,75.01,7.43,116.06,92.06,222.12,198.32,114.02,149.34,132.75,207.91,174.25,2.12,183.38,97.81",sadness,0.9877744592158009,-0.04514542014265932
sample_0025.jpg,"26.64,143.99,196.15,190.52,8.45,121.22,17.83,114.35,173.10,102.89,122.75,194.10,60.80,152.84,96.25,141.76,194.07,17.90,203.90,216.99,198.77,124.44,188.63,180.93,191.76,51.51,193.34,4.55,195.02,121.28,30.08,63.09,1.05,182.88,199.59,19.27,154.12,131.07,171.26,208.08,65.02,223.18,44.65,103.14,129.07,177.00,79.15,173.77,38.36,94.67,58.99,93.30,59.92,6.54,131.04,173.03,177.79,209.14,120.77,167.09,171.73,69.75,95.68,160.51,168.57,127.03,86.29,66.69,200.76,165.41,129.45,19.95,16.90,136.33,26.30,41.30,46.26,205.08,210.65,31.41,91.45,160.01,160.64,95.13,160.83,162.10,115.74,19.96,165.03,105.28,154.80,115.69,48.78,73.10,20.63,13.81,79.70,3.04,205.16,142.46,158.43,161.15,110.21,80.17,119.24,71.17,7.05,17.85,129.64,107.63,182.89,188.34,178.67,215.65,131.42,19.03,140.47,52.68,211.66,6.56,2.73,208.86,25.34,98.86,132.40,14.77,74.99,43.95,130.80,140.82,145.87,26.75,161.71,54.87,222.12,98.82",anger,0.8609374505847285,-0.18438437739850078
sample_0026.jpg,"170.64,137.92,169.22,1.89,18.87,24.99,182.32,184.92,150.78,78.36,172.85,79.39,25.02,158.64,91.38,160.37,180.86,51.64,73.75,44.45,188.23,134.23,44.11,134.50,64.98,67.98,201.01,41.77,34.83,185.65,169.82,158.44,156.25,10.82,162.31,193.10,66.21,72.70,40.27,26.85,113.82,45.13,163.47,144.07,178.08,183.11,148.74,76.53,70.21,212.24,178.63,101.96,128.82,39.09,217.61,168.51,1.18,173.68,193.22,122.57,134.62,62.97,35.06,10.32,58.73,121.71,214.86,61.09,76.73,211.76,210.41,97.77,69.42,98.24,71.04,191.27,153.93,103.64,77.38,160.29,12.29,219.62,165.10,207.88,41.31,127.61,5.20,204.08,96.08,53.02,120.32,201.61,132.88,11.94,116.01,198.48,138.79,218.94,9.98,56.25,193.86,34.37,107.40,97.52,64.68,120.77,103.34,109.46,132.52,180.03,111.32,6.86,49.29,172.48,52.33,204.01,15.55,163.01,4.55,108.47,10.93,149.64,201.15,175.23,204.55,75.44,166.65,21.66,111.16,211.24,23.14,65.55,5.42,54.48,153.07,124.86",disgust,0.9327716336176832,0.8741528335714963
sample_0027.jpg,"100.67,91.62,111.19,95.27,177.52,33.59,176.61,152.27,19.00,119.03,169.39,34.42,36.22,54.43,59.41,217.96,63.09,165.94,134.54,53.11,11.70,200.26,48.73,50.50,152.58,192.34,97.38,194.40,32.57,84.83,46.67,116.84,57.24,153.60,0.74,136.71,94.55,13.51,51.11,198.10,89.29,188.82,124.29,94.18,196.40,78.00,53.89,53.40,222.92,206.01,163.27,12.14,1.78,84.97,114.55,114.70,100.11,3.48,52.48,173.13,11.16,123.49,74.24,10.93,214.40,41.34,66.90,176.25,216.01,187.63,143.42,198.87,110.82,148.31,3.83,97.99,163.71,13.30,95.86,199.93,103.03,47.45,141.88,47.01,164.20,97.82,204.46,136.67,223.48,55.01,108.24,141.85,157.90,206.47,10.27,215.83,199.54,28.48,125.94,73.84,170.59,162.84,98.23,161.48,10.63,37.62,168.81,189.83,207.71,175.19,107.20,5.55,22.94,15.97,186.10,52.28,121.83,223.78,73.07,179.28,194.24,183.97,177.34,131.08,20.40,124.82,176.27,181.32,87.06,192.28,30.97,3.70,103.14,134.75,219.56,78.48",happiness,0.8782247942760939,0.5789357209038213
sample_0028.jpg,"126.74,165.37,25.99,114.13,31.43,169.04,114.38,127.63,130.53,8.29,158.03,109.56,2.63,132.24,209.29,46.65,55.77,123.14,187.42,67.88,51.40,12.01,216.89,70.29,220.71,188.02,189.84,129.45,190.99,189.47,123.67,222.64,45.75,6.52,29.36,42.50,40.48,134.60,166.04,53.17,61.89,212.58,177.69,82.58,194.93,72.11,70.42,215.59,29.17,85.19,152.47,89.74,52.03,39.92,69.52,195.81,202.09,125.66,104.22,14.87,126.96,219.29,7.48,196.10,221.53,110.48,38.88,200.04,178.36,200.83,124.53,50.42,194.90,150.78,195.69,162.38,205.49,16.98,69.68,17.88,24.33,59.31,163.75,30.96,212.48,19.88,39.90,139.33,88.41,35.01,127.80,100.24,65.00,189.53,108.99,199.65,187.29,114.09,216.61,127.96,155.97,149.69,67.04,43.47,156.78,199.51,153.10,170.23,155.40,46.22,166.60,95.43,106.00,215.92,8.66,153.33,180.88,87.01,166.89,213.39,39.80,169.75,114.98,192.23,62.62,30.19,195.25,159.44,133.86,165.50,223.49,14.31,169.58,217.75,141.83,75.69",sadness,0.29405862480909306,-0.7873998463477847
sample_0029.jpg,"166.12,125.75,166.78,13.19,115.96,137.49,26.37,7.62,50.34,206.05,200.52,7.50,114.16,166.13,190.98,170.34,166.42,210.96,65.76,49.74,160.95,130.33,138.09,182.62,107.74,50.16,138.16,188.78,23.00,135.79,176.14,26.34,48.35,165.61,53.73,23.47,42.85,162.12,134.38,223.47,92.75,12.17,110.33,140.23,146.99,132.52,139.41,212.84,135.27,223.63,177.67,151.84,151.81,41.05,208.73,207.94,47.36,80.90,203.47,115.19,76.09,21.71,83.95,146.15,116.88,66.38,201.68,67.22,51.49,191.44,94.09,166.23,88.33,3.50,171.64,30.09,131.63,161.38,80.44,32.17,67.65,214.67,74.70,30.44,149.16,17.50,19.43,15.27,44.68,132.84,49.83,180.82,106.91,51.71,216.90,27.71,74.99,118.66,157.18,161.43,36.20,135.16,100.72,194.41,163.38,6.36,189.85,203.05,202.68,86.14,60.86,195.98,86.99,161.68,132.10,57.74,177.14,84.60,172.73,130.77,154.62,153.80,100.34,118.98,36.39,31.73,159.48,154.43,33.87,169.17,91.40,139.49,169.88,166.55,151.48,2.20",surprise,-0.3853388211267694,0.7714444048980231
sample_0030.jpg,"35.14,153.82,118.29,107.43,115.29,34.96,177.82,168.99,176.84,114.84,14.09,104.74,77.64,105.64,99.80,117.57,82.85,44.38,73.96,53.91,204.37,169.94,37.20,100.69,177.54,101.39,57.28,80.84,86.59,92.00,24.84,165.59,188.20,117.39,196.69,207.79,202.82,189.61,167.31,89.30,16.37,133.05,210.99,37.53,114.74,58.10,220.45,187.76,106.19,18.83,138.57,67.45,134.21,209.79,161.62,217.86,34.12,36.23,100.53,194.28,30.75,218.93,223.52,71.05,7.94,193.40,183.10,134.56,66.79,181.68,92.69,94.76,12.78,131.99,140.37,178.17,53.74,165.97,135.48,22.67,32.62,12.89,22.54,196.91,132.71,115.63,131.20,97.89,197.82,78.20,96.70,0.43,2.46,50.30,188.85,23.65,120.92,88.03,113.78,141.17,7.74,49.02,73.70,212.58,140.77,154.98,96.39,6.67,180.26,178.69,197.53,138.40,50.59,123.99,0.36,107.16,209.87,83.23,167.53,209.57,210.89,117.29,169.47,45.49,187.82,105.47,21.91,53.95,210.53,120.76,84.03,17.51,49.01,129.28,97.59,208.68",happiness,-0.3301648996618525,0.23012634873177173
sample_0031.jpg,"87.21,168.11,6.68,58.46,160.11,126.82,85.27,178.36,90.28,4.83,38.20,90.70,10.35,116.88,174.71,110.73,204.00,1.06,60.43,190.52,89.40,121.67,78.61,2.01,141.96,134.54,98.28,70.96,130.96,183.64,33.42,54.35,146.08,46.93,66.33,161.30,148.10,79.50,130.94,152.04,69.93,50.57,168.87,145.19,146.74,211.82,179.78,189.93,69.02,24.87,17.58,31.33,168.74,191.38,119.87,163.11,36.46,161.70,205.28,78.50,161.90,168.29,204.09,85.38,185.35,118.10,102.95,192.90,216.52,131.42,120.32,142.69,196.29,94.98,112.40,56.09,104.84,131.34,4.91,185.18,144.81,10.34,217.15,18.21,102.78,154.16,100.69,57.44,162.08,137.81,97.10,53.77,116.87,151.73,41.13,197.49,34.59,183.62,136.94,188.15,129.38,102.43,82.32,145.60,35.79,189.99,176.91,107.96,60.15,28.52,165.27,99.92,40.91,175.98,51.67,77.94,80.09,47.30,99.58,35.94,153.86,42.29,202.86,107.24,17.01,29.01,99.30,33.48,46.35,101.29,86.51,90.62,183.53,41.20,223.59,45.48",surprise,0.3412509943568416,0.42891113271031145
sample_0032.jpg,"202.09,134.10,29.53,178.38,174.25,143.55,27.90,211.22,42.61,9.36,116.06,66.16,153.53,150.03,64.05,62.23,152.54,166.51,15.65,211.03,35.07,82.38,159.55,90.81,122.27,23.66,220.06,194.10,161.47,64.83,0.09,103.90,185.89,94.12,179.77,55.71,56.68,131.63,182.74,177.43,41.11,211.36,197.01,118.29,12.96,141.13,52.41,34.43,124.90,31.78,40.33,180.66,144.09,124.82,158.03,212.45,50.08,214.46,21.78,165.65,64.70,198.18,114.97,2.65,143.66,134.41,14.47,220.51,89.44,211.49,159.53,57.67,67.24,151.50,157.10,119.18,146.05,209.60,103.23,87.03,53.78,3.21,173.07,84.72,35.37,97.87,136.02,117.24,115.85,35.38,157.25,220.60,141.09,35.10,135.71,6.69,20.46,67.00,168.31,71.07,63.43,56.04,205.61,77.50,11.55,50.52,190.47,12.89,162.06,160.64,82.95,3.45,108.16,21.76,155.51,116.94,201.57,31.22,203.50,132.94,186.52,102.34,195.22,177.66,12.91,214.90,97.91,150.25,111.85,194.57,140.46,172.96,66.37,148.57,96.40,146.32",neutral,0.5650653664411529,0.7642106154784698
sample_0033.jpg,"71.78,136.47,124.34,1.66,8.52,36.06,113.64,174.84,108.50,44.15,46.61,65.15,105.66,75.58,106.59,68.80,114.46,134.89,64.46,85.32,177.79,162.50,148.19,34.91,93.99,27.03,68.82,187.57,119.59,46.43,197.48,222.56,22.97,16.07,189.18,101.65,177.95,194.75,105.06,108.38,222.34,103.55,174.07,137.92,1.24,214.84,211.04,67.03,121.24,99.59,120.37,159.44,18.85,143.05,39.04,202.09,135.76,99.62,23.15,176.43,173.57,222.45,83.89,65.24,52.18,25.85,54.58,138.15,55.84,172.10,90.08,218.00,77.82,61.30,220.96,64.15,33.49,164.68,51.46,60.08,217.86,27.28,18.51,206.03,122.28,94.69,44.56,50.55,20.87,38.36,30.09,175.16,43.41,190.39,64.99,50.85,141.78,57.94,189.90,102.69,124.53,82.69,220.72,78.15,168.72,137.46,170.63,116.45,101.27,20.42,191.45,174.27,36.69,216.18,14.31,20.27,3.84,123.55,130.18,162.31,34.65,60.36,54.41,69.97,43.66,42.30,49.71,33.38,115.02,166.08,15.03,195.90,103.79,95.72,18.05,46.79",neutral,-0.13224962550303565,-0.28796477349474237
sample_0034.jpg,"181.76,131.65,85.27,179.16,205.60,20.67,6.30,12.23,122.25,160.07,122.81,100.21,150.66,28.13,70.12,154.07,74.42,10.78,54.98,177.52,67.83,122.89,216.89,50.78,9.58,89.52,21.66,113.42,160.87,213.07,3.81,56.15,192.45,94.62,129.30,89.65,124.84,37.05,96.35,146.15,36.97,9.39,174.41,171.12,93.59,28.93,96.05,201.03,187.30,71.87,139.55,76.73,17.23,14.28,18.57,127.02,187.24,68.92,193.35,203.11,114.07,5.98,2.29,222.38,121.98,114.45,82.86,19.23,151.76,81.45,18.14,186.81,116.98,131.63,209.13,22.01,45.42,8.42,125.80,20.02,204.62,66.06,67.94,52.86,21.27,29.24,140.48,206.41,201.91,190.21,163.97,36.49,154.81,166.19,108.59,69.45,172.29,141.80,171.48,103.90,42.40,199.36,51.16,56.94,143.32,62.94,122.29,217.62,92.40,128.73,56.19,95.66,23.87,164.26,66.25,68.34,59.60,123.08,92.93,138.01,116.87,66.24,188.22,22.22,88.58,71.12,130.56,149.74,71.31,153.57,90.82,183.58,21.88,113.91,93.41,181.47",surprise,0.4202553182929343,0.6903465431462057
sample_0035.jpg,"146.79,63.17,135.35,162.15,35.23,113.72,115.92,45.38,88.79,12.81,144.72,52.17,36.26,96.88,7.97,93.27,26.76,132.09,81.72,174.23,170.98,217.81,74.25,122.05,115.07,70.40,168.25,121.09,136.62,168.17,13.90,197.37,45.58,186.52,167.96,124.93,90.03,145.86,180.21,82.31,2.60,189.86,57.01,129.72,184.28,97.85,183.53,75.75,86.22,90.07,48.97,42.75,112.37,124.20,180.94,200.00,7.51,86.86,220.77,145.92,64.72,220.02,45.91,204.97,159.54,16.02,14.32,1.09,145.08,12.00,197.23,151.34,117.91,197.59,208.35,212.32,51.07,56.82,122.06,66.20,175.72,175.80,179.36,153.96,144.44,204.29,15.17,100.72,32.19,104.27,198.30,96.54,89.10,95.97,110.09,190.21,205.38,211.42,22.16,16.52,115.75,157.80,33.73,131.10,179.68,36.17,157.23,221.30,77.26,95.90,97.20,91.13,215.20,164.09,169.78,40.75,150.99,215.96,164.61,197.31,29.13,19.78,204.39,155.75,166.71,211.29,135.05,194.67,122.80,192.06,71.30,116.56,91.11,221.10,164.91,52.91",sadness,0.8934740802960055,0.5260095962892306
sample_0036.jpg,"167.62,98.56,94.35,30.14,23.46,182.37,202.91,108.30,27.11,116.76,63.14,70.14,152.83,136.99,145.43,174.10,29.22,4.82,148.38,77.87,14.67,34.67,33.53,112.27,196.05,6.33,210.39,24.14,219.98,170.84,149.94,169.49,92.77,174.97,209.23,46.16,137.24,195.60,204.58,171.62,92.50,110.69,219.43,191.86,82.67,65.46,176.80,95.26,129.06,114.47,65.21,158.58,13.78,82.37,204.17,223.54,189.51,216.80,219.02,180.04,162.55,168.79,115.02,121.21,205.73,192.70,109.29,7.96,12.66,131.79,145.72,184.51,132.74,119.05,29.67,196.19,51.63,129.35,82.05,44.87,46.40,20.21,39.19,9.63,178.78,4.86,208.94,37.64,171.94,134.28,108.44,173.75,176.40,108.63,222.74,26.26,146.72,17.83,182.91,69.03,34.06,131.09,180.81,69.17,221.01,138.23,80.28,203.41,139.58,67.20,15.27,194.04,113.91,51.72,170.09,126.79,41.67,211.92,69.85,102.95,209.95,168.62,159.94,88.69,147.35,109.82,182.81,76.27,4.54,219.12,94.56,173.55,82.80,215.95,73.30,68.74",fear,0.7541944821574222,0.742916672683346
sample_0037.jpg,"189.87,134.81,160.93,132.70,124.72,131.44,112.06,61.62,23.77,123.66,166.58,66.66,54.98,92.63,66.93,118.31,201.69,79.62,220.64,215.07,189.84,97.28,168.11,153.65,150.86,47.24,146.01,209.07,117.34,103.43,221.70,2.76,160.93,69.69,53.06,62.60,150.07,94.48,134.30,145.63,79.35,92.60,31.88,79.56,150.94,120.22,186.61,222.71,188.31,22.88,30.97,120.54,138.94,132.35,28.93,202.20,152.15,197.10,79.93,147.33,108.48,122.50,55.27,114.39,5.05,163.36,119.66,166.40,174.73,163.72,137.36,189.10,210.43,170.49,108.04,179.09,124.84,203.27,33.92,72.11,0.10,165.13,182.66,5.29,199.94,38.68,193.92,11.29,174.39,87.99,38.98,63.66,193.72,65.08,113.99,216.72,54.03,187.04,42.47,170.45,86.23,49.66,102.94,131.77,119.70,218.26,27.74,220.73,164.95,138.44,87.53,199.61,117.26,77.20,168.50,79.94,90.11,111.98,174.71,109.33,60.52,213.71,104.63,106.29,186.72,25.80,130.70,65.91,2.12,215.85,70.22,105.08,28.88,150.63,138.83,98.07",fear,-0.4691028374085078,0.6581792917675868
sample_0038.jpg,"20.17,102.80,70.30,90.63,74.94,123.64,213.38,205.70,49.98,14.18,131.84,17.10,130.69,154.92,30.50,136.58,59.51,9.41,58.44,137.41,14.43,71.02,164.83,90.42,126.90,157.55,176.37,108.11,172.49,75.02,172.17,106.40,81.26,189.83,220.75,87.36,0.51,192.82,138.06,175.41,178.79,220.39,144.87,101.08,38.98,116.03,196.69,109.52,71.27,26.46,149.11,143.41,28.10,141.71,42.73,112.73,115.95,208.52,127.43,64.64,85.77,178.71,62.61,220.55,115.90,193.76,128.20,76.65,37.80,193.41,16.57,2.98,51.79,145.38,221.02,78.73,145.05,90.17,138.65,112.91,64.49,156.10,190.81,183.71,49.28,24.92,37.92,199.61,78.18,39.74,203.73,84.07,138.93,69.68,3.46,123.54,123.55,148.74,220.07,31.56,81.81,68.05,60.69,199.83,219.24,0.14,168.91,193.29,207.96,148.28,75.84,188.03,32.31,158.89,15.71,184.81,10.43,116.23,124.04,114.23,221.32,18.59,187.35,15.98,101.97,148.02,68.16,86.34,189.27,14.94,1.69,104.96,55.40,85.24,188.23,80.78",sadness,-0.596859299596413,0.5871564177620678
sample_0039.jpg,"154.89,207.84,205.36,93.02,91.35,129.11,189.08,67.53,190.22,223.93,103.21,135.04,124.56,149.64,46.15,52.76,199.60,102.66,51.42,94.67,101.35,205.03,113.70,25.59,216.17,185.07,169.87,178.34,33.35,22.83,35.50,90.86,94.04,5.74,188.25,195.58,111.02,166.60,135.19,155.68,82.91,70.84,15.35,27.13,6.32,216.95,171.61,35.45,97.81,52.91,193.39,203.53,132.00,175.28,201.34,64.17,121.49,78.52,215.86,97.30,112.44,18.99,163.77,199.92,62.13,45.90,39.25,116.96,153.62,67.40,76.44,53.84,223.12,139.80,87.12,147.55,165.92,76.61,9.08,26.91,89.29,163.95,24.17,159.35,173.30,177.38,96.91,210.51,130.72,37.73,176.75,121.59,98.07,14.63,24.34,133.65,186.66,40.29,207.29,113.81,45.64,200.40,127.21,115.75,178.61,83.38,113.78,1.92,191.96,41.04,17.92,132.57,172.77,175.87,114.24,216.56,63.18,161.76,3.18,64.63,63.27,10.47,62.65,216.85,0.71,29.40,179.16,204.18,212.50,160.65,58.83,162.39,214.75,72.95,26.98,76.55",neutral,0.2674656366596586,-0.9634026512977625
sample_0040.jpg,"215.51,219.58,83.30,19.45,0.35,8.38,163.25,158.69,73.72,190.56,159.92,15.52,117.00,95.67,121.70,64.50,17.55,201.48,88.94,78.94,128.06,62.24,74.83,151.72,60.78,88.74,116.24,153.56,223.69,194.88,105.60,183.02,117.64,210.45,70.17,200.10,143.68,217.81,177.35,13.53,176.45,48.71,223.23,96.57,43.14,148.07,198.10,186.89,16.32,164.86,140.15,125.03,41.86,146.40,71.68,148.56,136.49,38.37,169.68,67.51,164.89,34.33,89.00,208.21,126.49,195.76,179.16,213.28,58.14,93.31,120.22,51.75,148.00,45.29,107.42,137.28,96.20,172.85,141.91,205.71,6.84,7.43,192.72,215.97,112.67,15.87,79.83,16.56,193.96,140.19,57.81,80.17,105.88,59.71,194.50,200.76,10.35,46.41,114.08,183.71,175.86,107.46,71.75,96.84,35.04,115.64,201.68,159.91,125.01,59.38,112.65,48.32,34.99,12.97,45.61,181.95,58.00,113.57,156.86,99.89,169.54,42.17,7.11,125.69,166.77,139.04,66.32,95.45,161.63,25.22,147.63,8.27,38.42,59.95,174.38,117.59",happiness,-0.545758731796504,-0.6884917628111287
sample_0041.jpg,"86.04,61.73,11.87,223.93,214.83,141.89,99.79,16.49,32.17,171.58,168.17,181.13,119.99,210.08,131.16,181.92,33.34,160.42,26.48,111.90,13.67,154.86,210.24,170.37,138.98,85.73,61.49,192.92,181.45,170.84,125.59,13.93,83.98,9.08,214.25,35.96,84.66,112.15,27.59,93.46,210.57,105.88,4.58,71.18,181.73,193.08,199.63,95.91,195.81,159.15,165.60,65.18,210.64,176.45,106.16,183.82,149.31,171.93,202.82,74.67,16.47,166.38,125.54,72.63,12.96,130.08,105.89,199.09,13.85,179.47,48.54,197.83,51.68,112.91,112.78,137.25,157.95,154.12,9.52,214.56,193.72,219.06,151.69,132.37,31.24,32.51,41.52,109.63,22.29,196.42,150.10,47.41,203.02,20.67,120.15,16.93,114.54,119.16,86.87,28.51,222.45,100.77,141.61,179.01,79.69,218.00,31.69,175.07,73.02,221.63,140.51,145.86,166.02,71.08,54.97,61.02,157.39,119.30,107.59,178.67,162.74,55.03,159.16,94.45,174.60,5.65,205.03,24.62,35.71,15.45,105.77,121.41,119.32,113.55,52.97,42.50",fear,-0.5014946302379606,0.9502375316694116
sample_0042.jpg,"12.33,101.46,32.26,100.41,2.93,148.25,148.32,179.61,213.13,90.56,190.69,123.69,163.17,203.59,154.57,4.83,12.27,39.42,183.57,61.47,132.27,221.73,191.32,126.56,213.42,64.81,109.89,104.79,40.00,165.74,213.08,104.99,70.15,96.72,149.92,166.52,175.54,124.02,11.22,79.98,176.23,92.79,133.40,94.79,11.50,47.21,213.39,19.89,164.73,197.64,55.51,168.92,28.07,13.22,131.62,82.03,9.64,66.89,111.21,75.02,12.00,64.16,22.00,130.59,184.56,153.17,33.05,75.80,112.96,35.52,143.15,221.14,133.92,29.81,20.49,82.63,126.49,134.54,22.64,36.55,45.75,86.50,12.38,25.93,166.39,1.52,176.21,66.54,66.63,173.20,96.70,84.88,216.64,198.13,140.61,46.27,104.41,69.85,128.08,202.98,3.23,210.86,55.69,197.99,155.66,214.36,84.28,93.15,91.00,28.97,151.21,53.83,179.37,16.51,183.43,167.92,29.76,84.88,206.06,69.69,6.65,72.56,171.55,151.29,141.09,63.23,39.34,160.34,22.34,131.29,24.12,207.47,81.65,12.57,131.21,89.73",sadness,0.6292489989204335,0.0013001512026615814
sample_0043.jpg,"26.69,24.36,214.27,181.96,98.13,119.88,215.39,178.95,170.77,116.58,35.38,6.56,105.99,203.76,21.95,219.04,91.52,174.92,161.82,159.58,139.28,135.36,176.83,131.27,201.12,98.82,93.17,192.82,80.62,7.73,151.63,137.13,4.54,50.44,121.25,54.31,69.26,142.85,165.01,150.91,35.44,203.37,42.88,201.09,170.88,109.13,1.31,99.46,177.23,71.45,54.70,106.87,155.75,130.48,208.45,152.65,105.24,138.14,122.72,30.35,209.99,160.90,99.20,99.19,5.07,207.12,4.96,209.24,201.15,135.44,46.90,81.29,8.75,155.57,214.10,39.61,219.90,217.75,47.89,223.71,1.18,20.26,216.96,206.52,62.60,14.42,195.66,202.51,211.84,125.54,81.34,126.39,78.13,72.44,164.84,43.87,34.31,23.48,110.90,19.28,137.93,135.57,19.11,63.23,69.38,80.91,117.25,196.47,110.51,66.05,166.61,8.17,103.00,55.57,179.98,19.08,23.82,70.07,38.32,25.64,191.37,131.29,151.61,200.39,18.76,178.27,95.19,110.93,61.35,203.96,212.76,176.60,19.21,141.41,219.19,182.67",fear,0.27202167247509523,-0.4582810881007846
sample_0044.jpg,"101.30,159.50,208.09,176.14,207.43,13.71,187.44,169.94,70.01,127.48,194.20,206.68,41.43,185.31,167.54,59.66,154.02,179.90,181.47,179.48,88.33,121.81,15.87,147.44,87.64,218.77,101.40,34.76,133.16,13.66,97.93,121.61,223.12,128.04,182.35,1.57,172.59,179.88,145.54,20.38,110.96,62.07,88.34,82.96,47.58,29.11,29.98,153.19,104.59,68.12,180.84,120.61,71.94,108.59,205.15,49.34,114.76,109.66,30.52,182.48,216.72,38.83,135.79,49.45,15.15,161.22,12.06,69.08,149.78,186.57,134.01,12.74,53.56,4.59,99.01,125.10,14.51,219.58,121.13,1.86,94.70,128.99,102.61,202.01,117.33,42.51,104.88,100.74,139.95,109.00,142.77,6.86,83.71,57.59,29.97,143.94,106.87,5.04,116.36,59.40,164.48,38.20,6.32,91.53,200.01,25.19,128.40,128.30,176.08,67.59,190.91,113.99,104.22,94.55,138.91,189.22,7.07,163.10,22.90,196.77,158.79,167.89,217.70,25.53,26.74,71.84,171.47,112.57,191.82,165.10,19.35,200.76,66.36,183.48,41.65,167.23",anger,-0.5590618269927603,-0.9707732570774825
sample_0045.jpg,"183.94,87.56,7.03,131.14,156.96,4.91,217.22,158.50,87.96,126.58,84.66,146.42,130.14,42.93,177.19,187.34,140.57,173.75,34.37,186.13,128.79,191.58,171.40,151.20,133.59,173.48,67.15,192.57,118.28,152.97,213.37,58.92,83.84,14.32,41.76,46.00,12.30,221.08,8.00,136.69,173.59,211.01,190.89,103.38,51.68,72.48,126.23,118.77,75.63,175.76,133.01,205.87,96.82,106.12,184.24,174.01,27.61,23.70,130.25,188.55,35.16,110.02,178.14,12.09,169.19,117.88,84.14,141.66,185.56,207.91,127.58,185.85,75.86,214.18,112.31,202.85,200.08,28.84,119.22,120.31,202.63,211.93,135.80,46.36,186.41,215.84,137.05,91.34,63.33,46.83,127.08,219.92,79.51,213.51,42.29,200.55,199.50,59.41,199.10,88.56,14.67,64.92,81.36,115.45,68.14,90.56,131.49,70.08,199.05,170.95,55.68,139.20,81.65,28.11,15.46,202.59,215.88,51.51,171.46,214.88,148.39,99.32,15.39,165.09,140.27,118.44,181.21,213.10,61.42,143.47,180.66,33.87,124.05,2.30,89.06,169.00",anger,-0.36274942434042834,0.13156537608077512
sample_0046.jpg,"31.45,154.84,85.53,141.63,189.51,88.75,88.65,205.88,71.63,115.01,30.94,190.30,133.31,3.87,135.32,66.97,201.10,32.93,77.50,67.75,110.16,122.03,147.10,219.86,184.78,162.66,140.65,52.17,185.18,99.22,55.33,175.03,61.63,145.94,160.57,32.48,72.44,62.56,196.93,221.33,62.54,134.81,101.43,73.51,99.12,132.67,115.98,89.95,156.63,33.83,132.97,53.46,5.16,211.43,26.88,48.59,151.98,48.42,12.59,30.32,25.44,0.30,2.97,134.83,218.00,214.02,206.97,145.32,137.39,195.28,139.93,166.67,188.66,182.01,153.80,89.54,154.00,46.72,216.64,143.96,102.06,29.95,3.25,213.64,184.31,100.52,222.76,184.36,174.15,76.55,1.10,99.22,133.20,7.50,102.80,213.20,84.40,108.08,73.22,111.33,5.25,78.90,59.88,36.37,115.64,34.46,218.06,140.83,5.02,84.82,23.56,14.96,118.50,95.11,20.67,222.57,0.15,140.03,21.95,164.04,89.68,36.58,182.34,32.88,146.92,132.40,106.45,87.24,207.26,162.63,72.18,23.28,75.42,152.16,183.20,170.27",anger,-0.9723788277272127,-0.7810344353063063
sample_0047.jpg,"17.94,10.47,122.26,151.50,213.20,116.00,183.08,169.00,205.81,58.17,82.67,78.75,208.10,163.13,13.26,70.08,212.89,130.92,17.00,160.12,22.12,47.98,129.48,123.50,190.92,10.00,144.20,96.58,118.41,132.97,69.92,143.67,169.72,108.12,179.37,203.75,77.51,192.17,206.65,93.34,141.30,134.58,135.69,140.10,58.87,64.81,186.10,123.46,117.19,47.30,207.68,80.26,85.38,14.86,4.74,211.45,66.38,126.76,96.63,31.93,2.95,149.11,30.84,213.83,5.02,91.75,157.44,48.86,157.07,64.88,215.19,168.24,90.37,103.00,142.23,95.34,109.98,201.33,157.97,7.44,149.39,142.53,87.22,56.66,156.97,168.50,113.70,14.75,191.04,200.79,29.42,196.93,85.77,53.23,134.09,206.52,16.62,104.72,180.36,178.16,20.59,93.84,102.61,147.16,22.00,192.12,198.82,189.18,29.72,127.58,122.14,29.81,162.99,85.25,70.17,77.38,29.92,111.83,22.69,167.25,172.45,68.76,30.34,142.89,166.29,5.22,13.46,217.07,128.20,29.09,2.91,138.80,179.01,88.04,213.40,35.67",anger,0.7583183816021482,0.274252102373836
sample_0048.jpg,"44.78,169.07,184.42,100.60,16.23,4.79,46.62,42.49,73.91,195.75,118.58,104.77,10.28,190.75,222.71,32.78,185.96,75.79,103.46,59.20,16.06,80.42,112.38,194.81,161.77,96.03,21.41,39.08,189.75,140.48,138.10,33.49,130.44,0.05,107.64,154.24,108.71,54.37,135.74,83.84,106.91,94.01,22.37,24.89,135.35,220.31,5.61,139.80,214.63,98.18,51.40,9.72,153.91,110.27,182.27,142.81,76.88,166.70,88.67,9.92,141.62,133.12,209.48,41.01,58.83,222.14,90.04,57.23,78.65,200.86,175.62,99.85,194.23,174.58,17.98,123.56,198.64,135.28,166.83,73.22,94.88,191.47,32.99,64.95,88.56,133.05,60.47,76.37,148.11,26.37,132.42,220.27,172.61,223.55,13.70,196.75,28.97,66.92,68.09,186.44,182.40,107.91,74.97,218.52,191.40,52.48,157.90,153.17,44.28,127.08,82.85,37.66,63.76,93.85,90.25,101.76,191.45,107.77,199.37,157.32,60.30,28.69,161.51,183.38,65.58,183.90,6.68,198.10,14.06,150.34,208.78,54.88,11.58,11.20,113.73,18.89",fear,-0.972524156677246,0.6342630973728549
sample_0049.jpg,"188.11,117.00,77.54,192.16,115.78,152.40,197.82,29.99,51.03,110.26,66.34,117.81,108.16,79.02,92.09,76.99,173.81,55.21,47.64,108.51,161.29,0.30,98.78,15.99,182.22,208.07,23.98,100.33,24.27,96.10,188.92,161.98,196.38,178.33,37.78,65.12,156.33,185.63,158.89,175.88,205.71,64.93,6.31,19.42,210.05,121.48,202.69,10.45,84.73,173.03,70.90,55.63,147.23,148.94,173.81,195.94,162.92,159.60,177.57,47.62,127.78,29.97,64.33,169.65,23.76,0.69,69.75,169.61,104.96,222.64,199.62,64.17,96.29,43.55,64.68,100.01,63.79,17.92,148.82,78.09,178.31,214.26,45.24,57.96,191.27,208.86,145.75,173.97,61.70,68.13,52.87,76.50,129.93,22.75,210.38,128.37,123.07,27.80,103.00,56.76,193.33,96.91,183.43,96.08,205.77,114.80,13.78,165.52,181.93,98.40,164.90,121.81,104.53,149.68,104.83,118.19,48.01,33.24,133.01,134.74,223.94,149.22,216.29,74.58,40.47,128.01,108.63,203.23,148.28,74.05,129.60,216.22,54.77,10.63,216.35,160.30",neutral,-0.19651357548944692,-0.7372485106381144
sample_0050.jpg,"182.21,71.63,154.83,150.57,138.38,52.75,39.43,74.93,201.78,214.32,72.39,5.28,59.49,110.34,211.87,198.53,12.02,49.73,87.40,218.23,45.57,150.24,171.23,79.03,62.64,24.28,27.84,155.12,150.16,216.64,74.23,7.71,145.40,68.76,128.55,180.29,185.57,165.02,126.76,105.24,50.17,104.56,121.43,217.70,57.16,101.67,181.37,67.07,9.98,86.81,52.96,146.63,194.19,131.09,125.02,177.54,170.55,93.90,66.33,23.59,19.24,185.93,48.21,76.10,192.31,222.44,70.07,219.38,146.59,146.08,96.00,197.87,212.04,143.30,58.64,201.71,188.54,14.93,189.35,178.80,195.66,48.21,102.94,103.56,157.73,164.15,80.46,105.65,19.12,80.35,63.34,216.02,207.89,71.09,74.79,8.00,82.09,175.76,179.99,181.88,58.04,42.98,138.18,77.61,141.05,0.22,134.10,47.29,75.36,88.90,39.49,202.53,48.70,175.24,112.01,79.59,176.65,113.90,155.44,170.02,158.41,20.92,154.85,19.84,46.63,21.99,216.11,211.92,112.69,60.86,72.18,205.29,145.21,126.07,121.43,180.68",neutral,-0.9188155721869633,-0.527462458688946
sample_0051.jpg,"45.88,204.47,157.47,151.78,143.24,69.07,95.28,124.12,158.21,42.65,172.63,195.31,132.66,21.23,10.78,159.44,80.38,32.38,3.18,23.68,144.90,181.23,151.13,137.13,153.14,126.56,73.59,106.21,206.65,177.37,68.79,123.37,150.50,77.88,174.55,99.48,145.79,25.93,170.03,144.01,104.97,35.34,45.41,223.77,79.84,86.43,118.65,215.37,92.02,119.32,82.54,101.98,150.67,150.09,158.47,22.85,103.15,33.24,107.42,162.85,146.20,43.54,142.16,174.54,208.06,66.51,20.58,0.86,107.73,72.16,212.01,137.75,79.30,180.06,63.66,97.59,96.87,201.60,179.85,69.99,73.62,92.16,211.53,198.01,204.02,183.69,51.35,57.41,128.83,42.36,33.60,0.58,174.06,77.59,53.30,179.05,12.13,128.93,162.07,39.45,127.25,223.76,55.87,133.42,156.07,170.23,55.48,96.16,187.45,120.37,146.75,194.96,41.93,153.86,170.13,24.30,139.19,198.83,129.25,181.29,23.92,212.97,4.09,120.75,96.84,28.35,17.59,152.49,190.64,164.22,56.61,110.55,56.04,197.35,80.60,25.17",sadness,-0.22718276356610856,0.535343515775909
sample_0052.jpg,"99.76,182.28,22.01,180.64,123.52,147.88,137.75,198.65,177.31,75.47,102.85,95.14,77.48,199.75,217.91,120.28,178.45,85.05,98.31,62.56,104.34,222.64,172.74,148.77,198.78,223.69,100.30,67.07,183.02,18.25,220.24,188.84,8.07,183.08,31.25,108.68,59.73,20.86,217.42,44.13,91.20,23.31,22.06,128.31,123.39,99.64,107.56,162.68,176.64,191.90,170.83,44.60,112.55,53.33,145.93,162.55,202.16,176.30,0.42,73.05,206.44,15.60,48.42,47.85,127.52,186.71,166.03,187.40,96.86,142.32,17.56,151.20,96.47,27.30,189.22,36.65,74.68,45.46,153.50,174.04,41.83,138.09,21.01,143.72,18.44,69.37,17.97,78.99,180.25,46.13,173.67,101.88,22.60,176.00,12.79,169.77,43.73,62.34,196.58,170.46,199.22,104.19,64.75,124.81,100.42,99.11,147.36,145.62,187.66,95.72,213.47,98.09,221.53,174.45,99.23,117.69,148.17,222.08,58.34,214.75,92.62,149.11,35.42,59.14,104.52,65.30,115.39,83.52,78.26,100.87,20.56,217.71,138.45,21.71,98.69,91.33",disgust,-0.1318829882178154,-0.657901981251737
sample_0053.jpg,"213.40,115.29,79.61,179.49,200.86,26.19,40.67,77.18,189.98,169.21,91.32,5.23,170.67,210.05,71.76,82.05,35.75,32.34,87.73,102.16,58.34,91.98,164.48,40.44,81.51,76.26,216.21,133.95,7.40,3.71,203.82,46.76,168.82,185.33,147.41,149.23,3.29,89.75,2.39,3.01,34.11,216.69,5.81,217.55,103.49,38.40,99.92,131.65,94.10,167.71,188.81,186.44,42.03,198.28,109.41,53.98,103.45,219.11,128.21,157.81,138.70,79.99,82.83,216.07,21.24,77.00,127.83,152.13,204.43,77.99,87.56,25.28,166.34,55.64,151.18,25.83,222.13,94.34,125.19,71.18,64.84,83.52,7.58,220.76,15.45,65.63,158.91,133.18,96.13,120.98,192.57,144.86,198.82,0.49,111.03,25.67,165.86,13.19,135.83,130.26,67.25,40.43,163.27,215.35,97.47,115.54,61.98,6.78,111.81,133.13,159.74,83.27,96.40,162.34,55.66,31.66,107.91,96.95,47.65,52.30,134.80,139.05,18.88,17.17,131.81,208.15,62.29,189.67,29.16,198.02,87.66,48.09,65.88,197.96,112.47,34.97",neutral,0.5370279872411949,0.523517266093402
sample_0054.jpg,"47.44,140.70,54.05,92.18,137.31,140.95,172.31,164.49,60.67,218.46,19.53,14.92,71.13,23.47,187.16,90.02,74.27,195.00,176.39,63.31,59.10,183.27,56.92,112.92,113.27,1.17,167.53,72.65,98.21,50.20,40.90,212.47,87.31,176.81,59.29,23.28,7.78,19.21,89.01,125.13,109.25,135.57,133.21,135.37,33.28,184.05,171.85,220.29,151.48,220.33,23.08,211.88,115.46,170.77,169.44,219.69,68.75,178.23,21.82,161.20,188.23,88.86,104.88,104.88,15.57,35.23,185.35,77.80,89.73,107.43,115.05,134.61,168.51,220.90,18.31,215.89,64.54,28.23,29.53,215.51,62.68,152.02,128.03,160.68,93.28,19.06,112.48,144.29,93.49,79.89,138.59,77.61,12.96,182.99,133.91,152.81,214.24,19.08,13.81,56.57,111.18,96.97,39.59,3.72,30.12,152.53,98.19,60.31,104.21,94.35,127.42,27.78,27.25,72.92,48.89,79.11,33.48,147.29,213.65,67.69,47.65,139.05,3.76,197.68,56.62,193.90,84.78,80.59,100.59,99.66,31.88,20.28,88.10,166.28,72.21,207.45",neutral,0.1311741549409957,-0.6999961595684572
sample_0055.jpg,"27.14,50.17,149.03,168.45,156.92,66.53,83.43,209.08,130.34,160.81,213.21,98.10,103.37,18.98,173.07,90.08,81.74,106.36,3.54,9.67,30.68,97.98,154.35,87.53,131.58,166.89,87.00,52.47,42.21,136.01,40.27,63.81,144.50,107.07,113.40,201.25,66.48,216.78,212.52,40.96,94.39,152.28,13.14,20.58,108.48,30.20,162.11,221.98,88.37,3.00,84.69,174.86,50.25,26.86,82.22,105.67,115.97,2.05,90.91,188.18,149.77,205.65,155.66,217.23,163.03,184.46,15.39,78.83,105.10,64.57,198.06,27.92,9.53,150.28,98.90,138.34,74.47,16.33,154.45,140.85,70.48,135.62,178.67,174.50,155.07,200.29,131.25,82.51,160.70,46.30,122.01,71.19,132.07,170.04,199.01,215.71,11.72,72.64,30.26,0.54,166.22,28.00,190.50,212.87,38.39,216.71,199.56,11.35,9.26,161.22,28.97,119.69,202.78,142.05,147.36,28.74,84.73,7.81,143.65,27.38,195.43,195.84,83.74,150.63,71.24,40.38,136.19,121.90,194.26,49.78,21.97,26.90,195.67,146.45,51.96,188.19",happiness,-0.005158248952701339,-0.7044704087523526
sample_0056.jpg,"163.82,55.75,113.19,208.34,159.64,85.38,121.39,81.17,180.95,3.73,25.80,9.70,85.27,30.51,138.08,96.38,122.48,90.10,65.79,21.77,159.64,41.98,177.84,149.89,182.54,7.53,48.77,189.52,78.80,166.17,214.33,206.63,185.72,177.41,222.80,143.13,84.25,43.75,28.98,55.22,76.99,3.24,213.39,56.44,147.06,84.67,194.10,174.74,30.93,115.32,47.13,126.89,180.26,54.05,201.19,210.61,102.94,49.53,104.45,82.62,45.99,50.82,67.10,4.89,87.03,6.37,40.80,179.90,211.30,194.97,77.43,150.57,211.04,57.40,1.62,130.66,76.18,67.12,121.97,123.86,223.09,171.65,76.21,8.79,88.28,208.54,72.76,17.40,20.65,51.78,206.96,170.38,65.76,184.26,130.79,70.75,39.08,83.38,177.35,220.57,178.07,75.17,173.33,188.64,183.82,146.94,127.57,129.83,197.75,186.37,183.20,158.22,89.20,124.65,164.14,151.13,133.47,19.01,87.41,60.26,28.49,33.79,194.97,197.98,54.43,73.74,221.54,1.38,6.89,92.09,132.84,57.35,104.55,64.44,116.03,15.55",fear,-0.7093138494223217,0.3854915413181892
sample_0057.jpg,"59.52,181.72,56.88,11.07,18.84,173.97,21.83,113.71,9.70,106.17,215.51,222.90,167.90,146.27,14.71,217.78,74.20,179.83,95.87,90.17,123.17,66.78,147.14,27.28,186.69,185.35,202.18,46.24,102.82,109.87,97.27,56.02,59.49,161.17,135.14,201.22,109.10,101.95,170.15,206.98,191.71,0.82,110.64,204.45,216.82,78.88,124.26,157.78,202.43,125.28,71.47,91.97,42.76,211.42,11.00,120.22,8.84,103.73,143.09,142.84,109.37,214.62,143.55,185.11,123.18,186.83,203.81,184.06,87.44,106.49,158.22,212.29,94.07,146.04,15.95,51.50,186.18,28.49,81.66,33.17,117.05,215.66,69.96,33.22,143.78,41.62,106.18,205.01,175.22,147.14,77.04,138.17,184.36,115.76,211.86,19.36,184.23,208.06,209.81,56.31,75.73,53.52,193.48,104.26,185.91,210.56,44.75,67.81,84.67,110.22,50.32,44.17,38.62,125.44,150.78,109.18,153.16,107.30,178.74,217.08,96.20,155.30,5.14,109.53,223.93,223.35,108.62,26.13,185.84,97.11,156.97,19.16,15.91,105.09,206.55,169.79",neutral,-0.6775193642865405,0.3376212462327932
sample_0058.jpg,"6.21,216.22,43.78,130.23,102.85,210.64,122.11,89.56,155.95,3.80,181.82,131.31,36.71,18.39,201.35,108.94,82.26,167.32,110.43,84.73,103.63,134.88,158.43,80.99,112.93,212.83,43.78,32.08,92.13,100.04,188.03,96.10,160.51,104.32,134.36,14.86,27.47,189.09,186.78,135.65,46.59,152.57,61.37,70.55,55.45,1.64,183.62,195.11,139.65,145.43,39.67,85.48,19.59,34.74,192.09,115.02,169.42,32.01,45.30,32.83,194.71,112.88,210.96,121.54,90.90,102.11,147.89,51.17,4.79,223.12,55.21,6.93,72.05,97.52,97.11,23.00,208.07,0.36,142.86,77.54,129.34,158.24,151.55,153.30,93.13,189.55,77.96,166.34,132.19,113.97,216.24,118.94,61.99,153.32,195.18,186.93,178.35,32.14,188.35,110.75,46.08,79.42,189.54,113.63,4.59,142.34,75.42,219.79,140.38,158.69,84.81,157.02,4.43,12.26,9.17,223.46,189.21,52.49,156.88,76.12,201.01,61.93,96.15,166.47,107.69,47.57,93.28,212.11,44.89,24.30,29.83,181.38,84.34,83.94,106.10,157.77",happiness,0.48094732927116257,-0.584903938408257
sample_0059.jpg,"78.21,194.61,58.05,20.76,12.67,118.18,186.76,218.99,168.22,146.76,54.06,50.15,147.88,215.32,62.08,145.96,40.17,1.47,71.05,20.67,30.17,50.33,58.71,4.23,127.41,206.21,49.22,139.58,152.23,144.51,124.13,163.90,110.04,184.13,103.33,21.35,35.71,162.38,9.87,179.00,112.49,66.07,52.78,139.35,156.99,93.61,35.43,182.90,21.70,77.73,112.97,188.77,166.73,217.37,96.92,100.61,0.39,152.42,63.98,23.48,4.45,104.73,87.95,142.16,201.68,17.38,14.32,106.24,164.50,195.74,44.12,201.62,147.91,45.54,131.87,82.89,206.52,46.06,108.60,148.93,108.69,44.85,48.36,95.20,96.06,181.73,209.37,158.41,150.47,134.95,51.92,177.45,171.39,2.88,198.51,80.09,2.29,185.54,72.19,163.46,133.74,124.11,28.09,211.33,161.10,149.46,122.09,150.86,50.66,83.93,58.86,152.54,173.67,201.72,36.94,191.39,162.22,128.21,8.86,86.11,1.86,109.14,182.31,56.42,73.12,40.50,169.77,220.32,26.05,166.01,24.78,68.56,66.58,211.44,204.13,186.95",anger,-0.4800796844735491,0.7307721827596048
sample_0060.jpg,"10.96,93.90,167.11,34.44,38.18,88.59,40.26,13.05,90.94,54.86,139.88,207.65,13.99,163.31,176.71,52.68,162.63,20.33,177.67,208.65,27.81,203.21,25.63,66.25,68.71,46.30,114.68,203.02,51.10,175.71,190.53,16.61,133.35,179.02,107.03,130.29,40.02,61.66,197.45,15.48,132.49,147.61,38.84,28.86,63.36,39.61,213.17,145.59,3.70,25.23,99.19,134.50,30.53,60.58,174.42,141.81,2.71,152.84,186.28,157.73,159.08,193.09,118.39,33.04,1.41,118.12,147.95,166.01,55.54,124.37,180.29,60.89,82.86,208.68,203.28,37.38,84.24,160.98,219.91,101.18,174.98,46.36,171.59,172.09,93.37,213.26,26.05,142.83,16.40,151.97,87.30,62.34,165.52,53.92,207.35,198.07,134.83,20.48,194.36,176.26,13.14,162.88,103.86,190.88,139.09,57.36,116.60,119.71,194.96,105.83,6.13,63.89,40.02,132.25,120.42,150.03,157.50,17.20,4.69,130.34,115.17,220.47,30.92,165.93,194.20,178.71,193.74,13.57,154.21,85.27,204.88,40.40,96.19,218.06,151.00,169.98",happiness,0.11984203112106484,0.49615351254520634
sample_0061.jpg,"57.58,128.71,211.93,131.82,9.39,12.21,141.84,106.33,152.64,15.47,102.66,220.01,149.90,81.50,180.94,144.95,25.70,185.31,38.76,40.79,123.66,114.84,71.28,49.81,12.64,29.25,156.33,59.24,20.26,17.94,46.06,191.86,3.91,222.38,133.22,50.31,221.64,133.44,46.68,19.12,191.87,207.81,219.50,128.80,167.40,69.91,52.97,161.74,98.43,143.93,171.83,40.39,172.69,89.45,89.84,19.31,45.32,199.96,151.53,81.33,86.05,93.74,84.16,217.90,9.32,8.59,6.29,113.70,3.18,46.89,29.35,60.72,87.66,37.01,169.73,113.40,116.07,109.33,77.84,181.51,28.50,145.02,153.94,64.80,207.18,12.36,185.77,27.65,169.14,217.19,21.68,82.37,123.33,1.34,129.68,197.76,207.09,24.24,97.23,61.97,48.35,47.06,57.61,126.56,138.63,204.52,215.36,208.68,22.08,222.52,48.56,201.27,140.24,106.28,201.88,115.57,168.50,32.02,104.52,143.08,211.87,181.28,212.52,180.44,201.53,147.15,181.46,147.92,29.81,145.93,118.52,213.37,179.38,7.31,25.77,208.49",disgust,-0.4782800987176563,-0.47523432402604304
sample_0062.jpg,"181.53,13.95,164.28,97.02,48.57,220.04,12.47,101.11,128.47,69.67,170.28,94.92,97.62,211.07,163.36,136.78,5.66,169.28,156.61,184.00,70.93,148.28,95.46,86.45,144.03,176.06,151.35,182.32,186.84,51.13,223.59,196.85,81.75,177.09,31.16,138.11,56.53,9.48,60.97,43.16,78.40,53.05,47.89,77.98,204.97,156.85,67.40,75.39,94.15,39.44,38.57,175.54,143.22,11.51,89.77,25.88,186.96,192.98,105.05,159.86,97.97,69.61,159.72,130.17,30.38,169.97,35.17,157.42,72.36,170.76,152.38,95.69,75.77,23.21,146.88,98.25,198.38,197.45,24.81,153.57,100.37,56.50,4.41,55.21,60.60,168.51,141.84,1.75,5.80,56.78,90.76,119.86,206.41,97.88,36.28,12.08,176.49,71.15,19.98,12.15,157.96,110.24,147.37,42.69,54.73,136.51,166.14,210.64,98.26,178.63,51.75,159.68,54.76,123.98,215.91,195.56,205.16,113.62,219.67,150.43,35.29,98.82,41.39,195.36,135.71,144.12,187.74,180.02,103.06,206.55,191.90,28.10,70.94,114.19,18.44,78.61",happiness,0.8206533019804432,0.6266137178439135
sample_0063.jpg,"124.65,15.34,158.95,199.45,108.09,69.61,133.34,218.61,184.67,69.32,94.66,10.66,3.62,208.44,50.75,198.09,169.35,65.58,91.58,120.34,92.87,220.27,18.87,89.76,100.18,81.70,120.88,58.60,216.03,168.61,197.70,54.47,171.19,108.71,163.48,150.10,165.66,115.60,43.45,101.42,127.13,154.22,154.05,109.47,133.81,51.05,7.98,101.47,55.92,197.48,201.95,189.65,172.42,192.09,169.97,36.21,160.26,223.62,209.64,52.57,147.42,137.29,171.24,14.66,25.13,137.74,41.44,16.91,176.51,89.45,220.06,71.27,108.07,100.93,57.14,65.64,197.44,160.54,49.71,186.55,114.16,138.11,55.31,199.95,209.46,5.11,68.08,74.67,95.52,84.65,119.60,131.73,60.18,0.92,174.98,42.05,187.68,139.69,113.00,123.31,176.28,117.24,80.28,215.62,158.46,60.85,33.41,120.72,41.81,188.92,128.40,125.79,3.22,139.29,88.67,39.11,86.88,87.92,153.20,53.59,128.70,5.03,194.64,8.86,35.81,214.77,130.56,88.19,38.18,208.98,48.98,20.83,183.13,196.49,76.13,131.69",happiness,0.7315721217312152,0.14446169474030035
sample_0064.jpg,"66.82,20.54,206.37,126.34,61.56,52.75,176.26,186.20,43.82,83.11,183.24,29.83,106.18,63.67,6.39,20.08,154.65,36.04,121.01,27.01,27.05,159.57,8.88,133.70,58.61,80.20,9.54,158.91,216.13,49.72,42.03,37.16,117.23,29.77,161.41,105.97,12.41,89.70,5.28,148.81,30.96,102.16,195.02,55.61,222.19,51.42,115.45,13.02,180.56,59.75,156.54,186.48,131.71,19.64,186.58,104.27,118.88,67.81,97.01,28.38,158.74,159.43,16.14,164.36,28.56,26.85,28.90,176.81,153.93,130.95,217.95,13.34,130.26,71.75,34.65,170.48,35.43,88.47,43.64,35.94,116.00,140.21,173.60,16.29,62.54,55.19,156.69,98.02,117.51,213.79,161.92,114.57,74.12,191.41,192.53,13.56,151.39,105.84,127.98,70.79,200.74,92.12,200.95,102.99,57.51,126.64,189.21,145.06,65.36,122.58,17.37,62.42,212.05,103.92,116.67,123.76,133.11,48.37,109.46,200.18,216.67,84.56,140.79,126.22,164.08,199.19,90.94,47.46,63.17,112.29,3.33,130.04,97.58,169.06,38.09,88.37",disgust,0.08710723528999398,-0.2131224328709196
sample_0065.jpg,"207.38,144.77,201.06,190.92,102.47,2.09,198.24,115.46,68.21,154.37,87.57,23.94,54.47,195.60,155.05,25.51,170.19,192.04,149.81,88.82,14.89,129.56,24.22,153.30,73.24,19.43,183.63,216.40,90.88,79.50,42.34,100.93,1.54,104.34,74.90,19.91,220.79,21.13,21.33,148.09,113.45,83.72,62.21,163.45,90.94,111.40,42.94,12.58,149.25,71.19,217.66,140.59,167.31,71.44,111.28,113.98,44.49,202.33,221.77,204.49,65.37,73.68,169.11,112.67,208.51,46.10,107.42,43.76,142.32,138.96,164.17,90.03,61.96,157.31,115.93,185.69,89.58,12.19,135.28,121.04,101.53,100.15,74.18,80.27,206.35,143.97,1.70,99.74,96.10,162.00,210.53,100.76,115.13,204.55,14.33,223.41,30.63,51.98,122.65,101.36,21.83,75.01,100.67,101.69,171.14,177.22,71.18,161.62,29.07,32.59,133.70,157.22,158.97,51.49,150.82,140.67,67.02,170.12,139.60,61.31,23.31,201.60,70.13,117.67,142.28,123.26,52.36,211.17,163.76,107.26,196.10,109.61,78.28,22.68,175.53,123.22",happiness,-0.7135790988706756,-0.6570525419314444
sample_0066.jpg,"46.03,182.33,79.15,167.75,183.50,133.90,20.30,161.30,0.24,113.14,24.02,62.98,43.39,163.69,74.26,158.96,82.49,10.97,90.87,63.54,164.64,155.26,181.19,97.24,151.77,19.17,216.01,139.00,50.19,196.54,25.77,146.46,68.14,95.72,16.38,123.50,132.06,155.88,132.27,90.56,81.08,169.74,152.99,174.14,146.61,197.96,202.63,4.39,0.76,172.76,88.25,135.16,195.76,37.05,101.78,72.54,131.33,210.79,193.30,75.64,100.49,81.51,10.90,147.94,74.41,159.58,222.99,89.56,162.40,57.29,131.27,54.52,7.85,174.12,183.47,166.83,110.48,120.08,205.27,191.29,200.20,6.17,118.43,3.55,27.20,94.74,141.12,35.37,15.53,50.85,8.99,123.30,174.25,191.32,122.30,194.83,56.33,204.19,94.25,18.58,27.20,101.14,196.82,107.30,217.64,165.95,164.46,70.76,144.82,87.89,124.81,63.84,120.69,204.67,162.32,210.30,146.89,7.67,189.91,164.72,219.19,17.26,170.09,194.76,3.95,12.75,61.03,123.64,148.17,128.49,136.55,183.49,75.94,170.62,110.53,32.14",anger,-0.8748068238797968,0.24288350441193662
sample_0067.jpg,"199.81,117.84,65.49,76.77,204.14,192.35,21.95,140.50,46.45,157.97,96.33,38.31,132.78,53.73,156.52,12.89,37.72,135.30,162.43,151.71,18.95,79.63,55.34,78.87,96.82,111.53,100.33,160.79,95.04,32.52,110.68,2.38,86.80,23.20,174.28,87.18,150.66,85.84,197.17,198.20,167.72,100.90,71.22,90.45,128.21,132.93,35.36,190.64,68.74,57.05,122.84,94.07,197.74,104.39,137.42,48.73,54.85,91.46,70.78,99.56,219.55,39.38,176.73,180.45,52.00,216.43,220.73,40.53,28.49,93.29,171.50,69.40,136.34,206.93,48.70,215.83,92.47,94.24,35.86,147.07,201.24,214.47,170.64,74.36,47.11,36.52,82.89,10.07,38.69,213.44,139.45,127.79,182.71,222.82,62.17,157.08,140.21,190.47,139.81,49.88,115.12,199.66,11.14,156.69,15.89,53.67,128.81,194.28,147.24,214.66,52.96,163.67,87.35,60.69,151.39,68.25,219.35,69.69,94.14,205.05,75.05,155.27,110.11,204.00,185.66,202.45,204.79,214.99,136.25,203.06,181.85,173.89,35.44,97.39,100.32,114.99",neutral,-0.9845082855577902,-0.2196888147487699
sample_0068.jpg,"151.20,155.58,153.16,132.83,74.53,189.41,207.59,111.38,3.96,223.28,112.69,114.87,169.94,52.94,62.64,210.88,69.86,125.21,57.87,21.08,68.29,106.79,66.58,8.03,55.21,149.77,76.29,37.09,46.76,62.90,174.39,54.61,1.92,158.12,51.02,5.19,181.79,36.91,75.12,204.25,54.05,149.95,59.73,158.79,12.06,140.87,92.72,50.23,72.98,56.37,94.67,5.54,155.13,104.27,55.68,178.27,52.79,168.43,102.07,87.53,203.71,219.23,54.88,61.16,49.31,89.64,59.42,79.50,92.49,123.54,81.15,95.35,161.82,183.17,114.18,150.41,23.01,72.45,74.68,198.08,147.89,76.90,94.83,138.72,175.27,116.49,30.21,63.24,122.93,131.06,119.72,94.70,86.35,105.97,145.25,56.24,199.78,192.35,130.61,114.36,105.96,165.21,180.31,50.48,84.69,189.61,21.09,85.82,136.61,173.25,118.19,85.90,65.25,125.59,197.91,18.30,85.90,126.64,212.06,170.49,92.38,217.50,174.89,151.70,18.63,110.58,34.92,211.14,107.49,152.28,151.72,124.55,180.41,152.77,118.84,157.20",surprise,0.9815804283069214,0.6966010046905864
sample_0069.jpg,"213.51,82.96,194.83,79.90,198.51,116.25,65.59,145.62,217.48,43.24,163.50,134.23,9.90,4.34,173.32,87.45,166.96,14.26,123.10,111.35,145.79,23.17,68.49,187.31,219.39,92.81,215.64,204.60,91.93,43.66,209.31,68.18,108.13,45.56,7.08,48.41,167.46,162.59,63.25,94.30,39.36,47.80,212.73,105.84,29.38,142.26,93.60,222.20,22.78,77.87,35.60,43.60,50.76,164.11,52.71,179.90,153.47,77.99,173.96,145.31,201.16,63.24,187.51,15.82,120.90,61.97,130.18,38.89,201.01,17.64,200.09,135.99,73.36,143.39,139.63,68.74,49.28,147.85,116.85,58.76,29.90,127.06,33.14,57.99,82.93,99.31,62.22,200.90,160.78,169.96,90.82,156.04,16.09,170.17,39.47,147.90,35.73,218.57,105.60,14.20,175.91,123.27,72.30,202.16,44.30,122.13,90.11,13.16,218.39,174.60,104.64,181.72,83.36,7.62,62.12,5.57,3.91,141.00,157.06,45.53,129.23,98.00,43.98,36.24,38.02,189.20,168.57,205.24,93.91,138.88,92.12,82.89,31.65,39.43,189.84,207.84",anger,-0.9880820429133743,0.6763128292594935
sample_0070.jpg,"49.14,144.48,27.36,140.26,179.86,174.49,168.94,182.88,191.94,144.47,210.57,113.08,22.09,211.08,52.95,90.88,85.29,26.19,157.46,33.75,180.79,215.53,122.37,98.97,153.96,205.38,194.50,208.92,4.91,52.44,151.00,110.21,179.56,41.39,83.99,193.87,109.80,115.36,52.37,152.11,217.32,67.55,53.86,116.50,165.69,34.86,145.96,208.84,14.38,170.31,38.57,155.45,138.65,96.71,175.35,30.70,177.25,41.72,136.62,43.88,115.60,38.12,41.74,103.20,78.37,40.52,189.78,81.86,180.14,99.25,189.12,94.02,73.11,38.99,119.93,189.93,51.70,95.05,97.95,23.28,62.94,12.12,173.42,85.87,135.73,15.98,7.98,40.30,186.89,196.35,130.71,15.99,131.76,31.02,60.05,103.39,156.21,11.33,17.33,75.07,170.36,142.42,24.40,71.51,210.80,34.49,88.85,192.60,210.13,136.22,22.76,0.83,188.33,77.35,173.67,72.88,136.73,64.39,39.33,31.43,66.48,21.73,201.08,135.66,98.76,172.39,114.43,17.63,134.14,111.01,96.60,122.15,190.11,149.48,20.86,87.76",neutral,-0.34822750642489475,0.5238085277810225
sample_0071.jpg,"194.55,192.79,108.55,96.57,220.85,209.44,48.56,186.51,75.15,92.45,19.92,192.63,95.67,120.45,44.13,172.33,188.70,152.58,5.62,116.38,152.81,143.67,86.24,26.34,71.48,222.61,203.23,90.44,213.46,104.91,216.50,39.59,217.10,36.47,68.53,109.45,217.36,160.06,104.81,150.24,126.79,26.21,174.80,214.95,120.77,150.54,0.44,45.12,218.94,207.00,87.61,75.80,70.70,165.42,164.40,178.45,106.75,115.58,6.28,65.84,4.08,109.11,152.37,49.04,201.68,80.36,191.07,139.53,113.60,124.87,148.84,123.60,93.97,204.79,178.40,62.75,67.38,75.73,38.98,63.32,132.14,68.82,135.91,22.58,158.91,219.88,99.51,50.64,57.74,209.46,104.04,35.25,74.38,61.42,116.44,87.84,89.94,117.00,128.91,142.23,13.24,183.75,76.58,87.07,176.28,34.26,215.49,135.96,207.19,197.11,64.29,107.47,177.16,79.65,155.57,70.24,160.55,146.88,64.64,200.19,78.85,119.95,92.97,92.81,86.19,116.66,222.26,103.17,144.24,59.39,48.95,123.83,70.92,71.24,186.66,44.22",sadness,-0.720968170892498,0.9105927120214843
sample_0072.jpg,"169.39,178.89,107.94,60.45,129.57,196.00,135.31,219.92,53.17,18.95,140.61,162.24,220.13,114.15,20.43,41.30,213.00,54.55,162.02,166.74,74.24,191.37,94.09,120.53,59.70,143.12,61.62,0.29,93.25,206.02,162.43,223.50,63.87,23.42,43.64,138.69,88.26,183.23,24.74,63.28,111.30,80.45,74.16,107.61,205.82,21.47,167.26,144.56,85.26,173.35,45.54,8.33,137.01,113.47,23.35,76.92,60.15,192.36,120.26,143.57,201.99,92.21,197.52,12.47,202.78,178.85,185.00,169.42,29.46,199.95,69.82,0.72,162.74,86.79,65.22,99.08,192.66,95.64,110.40,189.12,39.19,97.71,36.61,42.85,18.27,106.92,40.43,54.57,214.29,165.13,188.79,153.56,14.04,87.03,19.55,42.00,49.97,108.36,117.41,44.44,65.26,21.53,121.73,22.41,42.51,90.05,221.67,53.94,130.20,192.94,77.89,152.92,139.09,52.67,10.31,39.23,118.10,11.93,82.81,10.10,0.19,118.71,17.09,100.41,222.82,133.08,43.19,216.83,169.28,12.64,110.01,29.50,214.30,159.41,108.97,154.30",sadness,0.15715295582840993,0.6672529577086477
sample_0073.jpg,"61.07,179.19,66.31,22.82,211.02,169.32,215.02,190.92,90.47,29.53,47.11,197.97,111.66,29.35,140.07,18.69,74.16,160.15,125.91,166.84,41.66,43.26,196.44,151.47,147.02,67.08,220.42,9.85,114.42,27.45,170.11,166.57,198.07,71.48,101.71,70.90,136.61,50.40,213.74,111.57,214.32,221.74,175.91,57.06,213.63,97.90,218.54,77.31,100.76,168.14,201.29,11.40,106.41,177.36,73.45,118.75,193.45,98.18,112.34,18.33,57.96,199.54,87.38,200.33,135.63,174.72,86.03,222.06,169.55,75.12,55.84,120.37,84.73,77.49,53.32,160.83,141.84,96.55,4.69,13.06,200.27,223.81,23.02,89.51,31.71,65.88,111.18,111.74,192.95,166.25,202.33,138.56,179.14,17.16,17.58,167.21,99.00,44.80,153.00,58.59,126.38,14.34,186.27,126.91,219.53,65.92,21.77,159.27,75.54,157.93,1.14,143.18,146.93,158.97,135.20,172.08,222.41,18.51,173.25,85.45,79.77,163.54,180.75,198.86,148.86,39.02,47.53,202.57,189.15,106.45,141.13,160.06,2.83,215.76,60.73,133.86",happiness,0.6289986664930907,0.21909925541129804
sample_0074.jpg,"56.37,210.98,13.18,119.34,35.97,7.36,164.60,118.28,49.41,199.25,44.97,85.09,145.55,49.40,134.98,97.48,33.80,184.74,119.16,176.46,54.73,23.37,132.71,66.43,176.99,128.36,214.67,31.06,77.71,130.59,76.04,131.75,16.59,140.23,141.22,14.58,179.15,16.35,162.18,113.48,62.03,168.47,112.34,205.59,219.34,3.60,35.47,193.49,189.70,131.57,58.26,134.73,73.52,23.86,199.80,130.95,92.46,55.23,93.76,30.26,89.19,48.77,1.94,112.75,107.11,26.04,89.16,150.78,97.64,193.62,117.53,145.19,146.77,91.39,215.30,114.36,94.67,161.64,134.49,184.40,100.70,208.86,73.79,219.38,102.34,119.74,12.36,64.13,65.97,187.82,85.51,140.53,159.58,51.09,172.83,220.06,171.05,80.03,19.77,192.55,198.44,108.26,110.07,205.98,132.74,162.37,102.83,86.89,41.08,108.11,222.88,155.59,195.59,112.37,17.35,70.23,169.89,175.97,125.68,71.46,26.61,148.46,89.68,187.55,102.56,77.59,96.25,158.00,166.06,132.89,79.07,162.86,28.13,193.13,74.88,88.56",neutral,0.36886527469778563,0.051613255230473776
sample_0075.jpg,"147.16,36.11,8.94,32.44,103.26,62.40,33.16,12.14,160.59,124.40,218.92,184.80,150.73,47.63,71.09,119.46,130.82,158.01,138.82,143.21,12.07,50.37,21.58,175.57,203.97,93.16,65.39,4.27,44.84,85.00,52.83,137.72,12.10,217.75,15.14,76.43,143.71,94.57,132.93,14.84,175.74,86.85,115.99,45.31,200.64,55.91,123.93,6.82,60.37,93.69,112.46,60.05,112.96,20.45,207.81,121.69,67.16,50.19,98.66,183.62,124.87,179.74,79.64,112.57,205.54,171.19,105.57,216.37,42.66,84.66,12.71,188.11,218.12,89.18,177.94,2.67,207.98,53.80,173.02,28.70,178.10,165.10,73.75,81.86,217.32,50.61,194.52,163.60,28.69,157.03,172.50,109.42,198.91,165.94,86.35,99.28,23.59,109.85,42.68,38.48,65.92,89.76,4.73,5.53,57.08,26.83,47.75,45.11,104.89,56.16,152.16,176.29,40.49,3.81,39.38,115.93,120.93,67.86,21.28,80.71,138.97,192.84,148.41,14.59,81.21,101.42,169.25,108.31,1.16,79.81,208.29,165.10,81.67,96.14,223.36,172.95",surprise,0.18368293824272386,-0.9741537699361857
sample_0076.jpg,"189.03,119.05,22.61,120.09,98.12,74.73,122.21,198.75,148.32,72.57,40.38,136.19,107.02,162.30,19.73,195.70,201.22,64.82,12.25,55.72,188.16,23.87,92.40,138.47,158.43,31.67,143.36,74.75,29.09,77.13,90.82,109.26,72.84,139.49,15.97,193.11,102.42,184.72,86.03,168.33,52.25,61.16,205.97,181.78,24.33,106.71,8.14,152.43,45.25,134.66,194.58,220.48,113.89,130.28,65.78,100.31,28.57,17.44,29.23,134.34,154.18,62.12,53.06,90.59,97.96,142.91,218.11,194.09,48.53,132.40,114.28,28.03,28.85,119.51,124.16,155.18,18.09,1.80,105.84,149.39,46.75,203.24,16.06,166.45,57.66,206.67,20.44,38.84,90.77,204.92,219.47,139.79,25.26,58.18,68.42,99.31,111.20,0.44,165.08,166.66,84.67,147.27,157.91,46.68,197.73,30.18,184.48,149.64,178.77,202.38,92.76,6.78,141.53,221.34,192.88,106.84,24.53,163.14,102.60,167.44,93.33,71.91,85.76,155.67,147.20,73.30,162.46,61.94,105.37,74.62,17.26,96.47,0.95,83.26,214.59,99.39",surprise,0.35035391446461506,-0.6245511801967207
sample_0077.jpg,"82.94,62.70,129.08,45.45,3.94,40.65,154.90,38.20,9.90,5.45,166.38,21.63,145.39,204.98,149.34,63.66,221.39,208.04,100.48,42.92,206.26,130.50,127.14,109.88,154.17,201.22,222.98,80.18,82.28,104.01,131.80,142.55,8.69,47.58,160.23,215.04,4.39,30.86,37.58,159.00,127.28,108.67,143.96,204.86,27.40,122.03,219.92,118.33,193.71,16.69,167.85,84.46,128.78,211.12,74.58,187.65,206.06,69.12,130.16,121.40,137.39,153.37,165.92,128.99,42.54,73.39,14.43,52.63,155.84,116.88,104.48,105.77,184.59,196.67,161.21,73.00,148.38,211.39,212.73,205.58,14.83,59.63,52.11,73.65,207.19,30.47,22.12,134.27,161.83,91.37,152.50,114.14,147.77,202.60,191.12,172.96,183.87,194.42,149.47,161.40,28.83,47.02,121.74,219.56,118.83,153.60,219.89,172.34,40.70,103.58,136.04,18.96,22.13,29.76,213.71,203.88,215.41,37.40,149.07,87.70,128.73,135.26,95.95,129.18,54.78,196.33,87.98,10.41,169.58,150.02,50.61,192.51,204.35,92.27,67.06,18.65",neutral,0.7740004748305038,0.3102260318724024
sample_0078.jpg,"84.33,62.93,163.74,78.36,35.46,166.64,144.60,219.70,129.58,111.41,41.37,149.36,200.76,166.51,56.15,146.05,29.95,91.51,141.36,32.15,46.23,74.36,173.88,121.35,115.83,94.26,53.02,48.09,167.53,73.53,174.69,100.90,69.05,183.45,69.66,10.03,42.71,217.63,14.04,133.60,191.28,196.91,153.02,174.19,150.05,65.22,203.72,111.50,143.30,14.04,191.99,114.75,87.20,204.19,52.37,132.62,69.61,87.76,203.10,9.28,5.08,141.62,188.50,210.81,61.49,190.67,73.59,25.23,126.15,185.26,46.37,158.06,84.78,39.88,186.98,188.84,40.82,57.98,56.36,139.53,37.36,80.16,220.55,174.45,2.69,212.31,187.59,99.05,161.15,22.15,199.10,95.71,100.34,46.21,35.71,63.73,80.05,176.82,44.22,58.55,199.60,150.34,211.76,19.60,175.81,206.39,1.54,186.43,202.65,176.89,183.64,173.48,19.41,47.61,155.50,153.11,26.88,175.35,100.47,20.05,60.53,177.37,218.02,37.03,181.15,167.87,121.82,18.17,208.00,50.26,132.91,218.36,204.68,143.69,56.73,39.92",neutral,0.33373599500100215,-0.904914850798082
sample_0079.jpg,"51.52,194.22,15.19,94.33,16.06,206.45,203.37,131.62,52.15,96.80,58.25,34.56,191.48,64.61,42.30,121.94,215.98,153.37,94.30,20.18,119.58,25.48,198.42,66.77,55.42,23.02,118.50,197.63,110.64,111.74,201.31,166.43,146.34,89.75,182.21,70.05,133.39,158.97,161.06,24.60,51.01,94.83,169.19,68.97,168.11,145.64,180.20,150.88,6.27,168.01,48.72,208.80,192.44,161.96,116.21,95.70,86.84,151.12,80.96,10.10,21.51,4.95,152.64,162.05,27.33,164.41,14.11,2.95,14.97,61.10,42.81,11.72,188.14,70.27,115.59,42.06,217.71,7.58,106.73,207.23,172.93,208.73,140.73,219.63,61.08,29.49,6.10,198.04,151.91,105.72,28.13,2.86,62.07,76.49,58.55,186.56,7.58,143.38,167.54,152.13,150.70,212.38,124.93,106.46,27.00,85.16,43.52,161.37,97.92,21.92,4.11,201.88,95.77,115.81,107.23,31.51,97.46,32.26,13.39,66.83,26.45,208.49,178.78,222.21,133.11,116.51,82.06,54.75,181.73,146.03,223.88,13.16,68.97,150.35,24.67,114.89",happiness,0.4309679041450878,0.24528724454056605
